taxonKey	year	obs	cobs	sac_obs	sac_cobs	spa_obs	spa_cobs	ncells	c_ncells	sac_ncells	spa_ncells	c_sac_ncells	c_spa_ncells	classKey
1311477	2011	3	0	243	0	105	0	2	0	0	0	0	0	216
1311477	2012	0	0	0	0	0	0	0	0	0	0	0	0	216
1311477	2013	0	0	0	0	0	0	0	0	0	0	0	0	216
1311477	2014	0	0	0	0	0	0	0	0	0	0	0	0	216
1311477	2015	0	0	0	0	0	0	0	0	0	0	0	0	216
1311477	2016	5	0	405	0	175	0	2	0	0	0	0	0	216
1311477	2017	38	226	3078	18306	1330	7910	20	12	7	3	5	1	216
1311477	2018	544	3864	44064	312984	19040	135240	213	149	37	19	21	3	216
1311477	2019	264	503	21384	40743	9240	17605	159	92	45	15	23	4	216
1311477	2020	0	0	0	0	0	0	0	0	0	0	0	0	216
2225776	1933	1	0	283	0	155	0	1	0	0	0	0	0	229
2225776	1934	0	0	0	0	0	0	0	0	0	0	0	0	229
2225776	1935	0	0	0	0	0	0	0	0	0	0	0	0	229
2225776	1936	5	0	1415	0	775	0	4	0	1	2	0	0	229
2225776	1937	4	0	1132	0	620	0	4	0	3	2	0	0	229
2225776	1938	3	0	849	0	465	0	3	0	2	2	0	0	229
2225776	1939	1	0	283	0	155	0	1	0	0	0	0	0	229
2225776	1940	0	0	0	0	0	0	0	0	0	0	0	0	229
2225776	1941	6	0	1698	0	930	0	6	0	1	0	0	0	229
2225776	1942	0	0	0	0	0	0	0	0	0	0	0	0	229
2225776	1943	0	0	0	0	0	0	0	0	0	0	0	0	229
2225776	1944	0	0	0	0	0	0	0	0	0	0	0	0	229
2225776	1945	0	0	0	0	0	0	0	0	0	0	0	0	229
2225776	1946	0	0	0	0	0	0	0	0	0	0	0	0	229
2225776	1947	0	0	0	0	0	0	0	0	0	0	0	0	229
2225776	1948	0	0	0	0	0	0	0	0	0	0	0	0	229
2225776	1949	0	0	0	0	0	0	0	0	0	0	0	0	229
2225776	1950	0	0	0	0	0	0	0	0	0	0	0	0	229
2225776	1951	0	0	0	0	0	0	0	0	0	0	0	0	229
2225776	1952	0	0	0	0	0	0	0	0	0	0	0	0	229
2225776	1953	0	0	0	0	0	0	0	0	0	0	0	0	229
2225776	1954	0	0	0	0	0	0	0	0	0	0	0	0	229
2225776	1955	0	0	0	0	0	0	0	0	0	0	0	0	229
2225776	1956	0	0	0	0	0	0	0	0	0	0	0	0	229
2225776	1957	0	0	0	0	0	0	0	0	0	0	0	0	229
2225776	1958	0	0	0	0	0	0	0	0	0	0	0	0	229
2225776	1959	0	0	0	0	0	0	0	0	0	0	0	0	229
2225776	1960	0	0	0	0	0	0	0	0	0	0	0	0	229
2225776	1961	0	0	0	0	0	0	0	0	0	0	0	0	229
2225776	1962	0	0	0	0	0	0	0	0	0	0	0	0	229
2225776	1963	0	0	0	0	0	0	0	0	0	0	0	0	229
2225776	1964	0	0	0	0	0	0	0	0	0	0	0	0	229
2225776	1965	0	0	0	0	0	0	0	0	0	0	0	0	229
2225776	1966	0	0	0	0	0	0	0	0	0	0	0	0	229
2225776	1967	0	0	0	0	0	0	0	0	0	0	0	0	229
2225776	1968	0	0	0	0	0	0	0	0	0	0	0	0	229
2225776	1969	0	0	0	0	0	0	0	0	0	0	0	0	229
2225776	1970	0	0	0	0	0	0	0	0	0	0	0	0	229
2225776	1971	0	0	0	0	0	0	0	0	0	0	0	0	229
2225776	1972	0	0	0	0	0	0	0	0	0	0	0	0	229
2225776	1973	0	0	0	0	0	0	0	0	0	0	0	0	229
2225776	1974	0	0	0	0	0	0	0	0	0	0	0	0	229
2225776	1975	0	0	0	0	0	0	0	0	0	0	0	0	229
2225776	1976	0	0	0	0	0	0	0	0	0	0	0	0	229
2225776	1977	0	0	0	0	0	0	0	0	0	0	0	0	229
2225776	1978	0	0	0	0	0	0	0	0	0	0	0	0	229
2225776	1979	0	0	0	0	0	0	0	0	0	0	0	0	229
2225776	1980	0	0	0	0	0	0	0	0	0	0	0	0	229
2225776	1981	0	0	0	0	0	0	0	0	0	0	0	0	229
2225776	1982	0	0	0	0	0	0	0	0	0	0	0	0	229
2225776	1983	0	0	0	0	0	0	0	0	0	0	0	0	229
2225776	1984	0	0	0	0	0	0	0	0	0	0	0	0	229
2225776	1985	0	0	0	0	0	0	0	0	0	0	0	0	229
2225776	1986	0	0	0	0	0	0	0	0	0	0	0	0	229
2225776	1987	0	0	0	0	0	0	0	0	0	0	0	0	229
2225776	1988	0	0	0	0	0	0	0	0	0	0	0	0	229
2225776	1989	0	0	0	0	0	0	0	0	0	0	0	0	229
2225776	1990	0	0	0	0	0	0	0	0	0	0	0	0	229
2225776	1991	0	0	0	0	0	0	0	0	0	0	0	0	229
2225776	1992	0	0	0	0	0	0	0	0	0	0	0	0	229
2225776	1993	0	0	0	0	0	0	0	0	0	0	0	0	229
2225776	1994	0	0	0	0	0	0	0	0	0	0	0	0	229
2225776	1995	3	5	849	1415	465	775	2	1	1	1	0	0	229
2225776	1996	2	8	566	2264	310	1240	2	1	1	1	0	0	229
2225776	1997	3	0	849	0	465	0	3	0	2	2	0	0	229
2225776	1998	2	1	566	283	310	155	2	1	0	0	0	0	229
2225776	1999	3	9	849	2547	465	1395	3	2	1	0	0	0	229
2225776	2000	10	16	2830	4528	1550	2480	5	3	2	1	1	0	229
2225776	2001	11	40	3113	11320	1705	6200	4	3	2	2	2	2	229
2225776	2002	72	9	20376	2547	11160	1395	9	4	2	1	1	1	229
2225776	2003	3	10	849	2830	465	1550	3	3	2	0	2	0	229
2225776	2004	21	27	5943	7641	3255	4185	14	10	8	8	4	5	229
2225776	2005	12	38	3396	10754	1860	5890	10	9	4	1	3	0	229
2225776	2006	24	4	6792	1132	3720	620	6	2	4	4	1	1	229
2225776	2007	668	7	189044	1981	103540	1085	30	5	20	16	5	4	229
2225776	2008	590	89	166970	25187	91450	13795	45	10	29	22	7	7	229
2225776	2009	397	143	112351	40469	61535	22165	57	25	39	28	22	13	229
2225776	2010	506	230	143198	65090	78430	35650	65	36	48	26	29	16	229
2225776	2011	953	242	269699	68486	147715	37510	62	39	44	32	30	22	229
2225776	2012	3452	166	976916	46978	535060	25730	128	43	71	33	24	13	229
2225776	2013	287	121	81221	34243	44485	18755	97	33	58	30	22	13	229
2225776	2014	419	223	118577	63109	64945	34565	105	43	62	34	33	17	229
2225776	2015	206	126	58298	35658	31930	19530	82	32	47	31	23	17	229
2225776	2016	260	86	73580	24338	40300	13330	149	30	62	28	16	7	229
2225776	2017	132	11	37356	3113	20460	1705	84	5	37	16	3	2	229
2225776	2018	133	25	37639	7075	20615	3875	92	13	52	32	8	5	229
2225776	2019	92	13	26036	3679	14260	2015	68	8	36	26	3	4	229
2225776	2020	0	0	0	0	0	0	0	0	0	0	0	0	229
2226990	1979	1	0	422	0	420	0	1	0	1	1	0	0	229
2226990	1980	3	0	1266	0	1260	0	3	0	3	3	0	0	229
2226990	1981	3	0	1266	0	1260	0	1	0	1	1	0	0	229
2226990	1982	3	0	1266	0	1260	0	1	0	1	1	0	0	229
2226990	1983	6	1	2532	422	2520	420	4	1	4	4	1	1	229
2226990	1984	1	0	422	0	420	0	1	0	1	1	0	0	229
2226990	1985	9	0	3798	0	3780	0	8	0	4	4	0	0	229
2226990	1986	3	1	1266	422	1260	420	3	1	3	3	1	1	229
2226990	1987	6	0	2532	0	2520	0	3	0	3	3	0	0	229
2226990	1988	10	3	4220	1266	4200	1260	6	2	6	6	2	2	229
2226990	1989	12	5	5064	2110	5040	2100	7	4	6	6	3	3	229
2226990	1990	12	0	5064	0	5040	0	10	0	4	4	0	0	229
2226990	1991	4	0	1688	0	1680	0	4	0	2	2	0	0	229
2226990	1992	2	0	844	0	840	0	2	0	2	2	0	0	229
2226990	1993	2	0	844	0	840	0	2	0	2	2	0	0	229
2226990	1994	5	0	2110	0	2100	0	4	0	4	4	0	0	229
2226990	1995	29	4	12238	1688	12180	1680	29	4	17	17	2	2	229
2226990	1996	55	4	23210	1688	23100	1680	47	3	20	20	1	1	229
2226990	1997	10	7	4220	2954	4200	2940	10	3	8	8	2	2	229
2226990	1998	8	2	3376	844	3360	840	7	1	5	5	0	0	229
2226990	1999	1	0	422	0	420	0	1	0	1	1	0	0	229
2226990	2000	13	4	5486	1688	5460	1680	12	3	8	8	2	2	229
2226990	2001	6	6	2532	2532	2520	2520	6	3	4	4	2	2	229
2226990	2002	13	3	5486	1266	5460	1260	12	2	8	8	2	2	229
2226990	2003	16	12	6752	5064	6720	5040	14	6	13	13	5	5	229
2226990	2004	56	19	23632	8018	23520	7980	51	9	33	33	7	7	229
2226990	2005	15	16	6330	6752	6300	6720	13	7	8	8	4	4	229
2226990	2006	17	15	7174	6330	7140	6300	17	9	13	13	7	7	229
2226990	2007	33	15	13926	6330	13860	6300	32	9	21	21	5	5	229
2226990	2008	33	25	13926	10550	13860	10500	31	15	24	24	11	11	229
2226990	2009	48	23	20256	9706	20160	9660	40	13	28	27	7	7	229
2226990	2010	81	25	34182	10550	34020	10500	68	14	48	48	11	11	229
2226990	2011	121	66	51062	27852	50820	27720	101	28	67	66	21	21	229
2226990	2012	94	18	39668	7596	39480	7560	83	10	51	51	9	9	229
2226990	2013	104	23	43888	9706	43680	9660	84	12	57	56	12	12	229
2226990	2014	41	30	17302	12660	17220	12600	37	17	28	28	13	13	229
2226990	2015	48	12	20256	5064	20160	5040	41	6	28	28	1	1	229
2226990	2016	78	13	32916	5486	32760	5460	67	8	57	57	6	6	229
2226990	2017	55	0	23210	0	23100	0	44	0	35	35	0	0	229
2226990	2018	62	5	26164	2110	26040	2100	50	5	34	34	5	5	229
2226990	2019	7	0	2954	0	2940	0	4	0	3	3	0	0	229
2226990	2020	0	0	0	0	0	0	0	0	0	0	0	0	229
2227000	1962	1	0	359	0	302	0	1	0	1	1	0	0	229
2227000	1963	0	0	0	0	0	0	0	0	0	0	0	0	229
2227000	1964	0	0	0	0	0	0	0	0	0	0	0	0	229
2227000	1965	0	0	0	0	0	0	0	0	0	0	0	0	229
2227000	1966	0	0	0	0	0	0	0	0	0	0	0	0	229
2227000	1967	0	0	0	0	0	0	0	0	0	0	0	0	229
2227000	1968	0	0	0	0	0	0	0	0	0	0	0	0	229
2227000	1969	0	0	0	0	0	0	0	0	0	0	0	0	229
2227000	1970	0	0	0	0	0	0	0	0	0	0	0	0	229
2227000	1971	1	0	359	0	302	0	1	0	1	1	0	0	229
2227000	1972	2	0	718	0	604	0	2	0	2	2	0	0	229
2227000	1973	3	0	1077	0	906	0	3	0	2	2	0	0	229
2227000	1974	0	0	0	0	0	0	0	0	0	0	0	0	229
2227000	1975	0	0	0	0	0	0	0	0	0	0	0	0	229
2227000	1976	1	0	359	0	302	0	1	0	0	0	0	0	229
2227000	1977	6	0	2154	0	1812	0	6	0	6	5	0	0	229
2227000	1978	8	0	2872	0	2416	0	6	0	4	4	0	0	229
2227000	1979	5	0	1795	0	1510	0	4	0	4	4	0	0	229
2227000	1980	11	2	3949	718	3322	604	8	1	4	4	0	0	229
2227000	1981	9	1	3231	359	2718	302	9	1	6	6	1	1	229
2227000	1982	10	0	3590	0	3020	0	8	0	1	1	0	0	229
2227000	1983	16	1	5744	359	4832	302	14	1	10	10	1	1	229
2227000	1984	2	0	718	0	604	0	2	0	2	2	0	0	229
2227000	1985	47	0	16873	0	14194	0	47	0	20	16	0	0	229
2227000	1986	1	1	359	359	302	302	1	1	1	1	1	1	229
2227000	1987	0	0	0	0	0	0	0	0	0	0	0	0	229
2227000	1988	4	3	1436	1077	1208	906	3	2	3	3	2	2	229
2227000	1989	5	9	1795	3231	1510	2718	5	4	3	3	2	2	229
2227000	1990	4	17	1436	6103	1208	5134	4	3	2	3	1	2	229
2227000	1991	11	17	3949	6103	3322	5134	11	4	7	7	1	1	229
2227000	1992	12	26	4308	9334	3624	7852	11	7	7	6	4	3	229
2227000	1993	20	62	7180	22258	6040	18724	18	13	10	11	5	6	229
2227000	1994	46	65	16514	23335	13892	19630	34	13	13	13	3	4	229
2227000	1995	51	52	18309	18668	15402	15704	46	15	21	20	5	4	229
2227000	1996	109	65	39131	23335	32918	19630	98	19	48	44	8	5	229
2227000	1997	15	51	5385	18309	4530	15402	14	12	7	3	5	1	229
2227000	1998	50	145	17950	52055	15100	43790	35	24	24	21	16	13	229
2227000	1999	15	51	5385	18309	4530	15402	15	12	6	1	6	1	229
2227000	2000	19	38	6821	13642	5738	11476	18	10	9	10	3	4	229
2227000	2001	44	123	15796	44157	13288	37146	40	24	10	11	5	5	229
2227000	2002	54	120	19386	43080	16308	36240	40	31	18	10	15	7	229
2227000	2003	35	99	12565	35541	10570	29898	30	21	13	5	8	1	229
2227000	2004	65	175	23335	62825	19630	52850	53	39	29	17	22	12	229
2227000	2005	15	65	5385	23335	4530	19630	14	8	5	5	1	1	229
2227000	2006	22	15	7898	5385	6644	4530	18	7	8	8	2	2	229
2227000	2007	23	44	8257	15796	6946	13288	21	11	12	12	5	5	229
2227000	2008	8	5	2872	1795	2416	1510	8	3	4	3	1	1	229
2227000	2009	32	51	11488	18309	9664	15402	31	15	18	13	10	7	229
2227000	2010	49	71	17591	25489	14798	21442	45	13	22	20	6	4	229
2227000	2011	72	152	25848	54568	21744	45904	50	18	29	27	10	10	229
2227000	2012	121	61	43439	21899	36542	18422	70	25	31	32	10	11	229
2227000	2013	135	79	48465	28361	40770	23858	42	17	27	14	11	5	229
2227000	2014	158	68	56722	24412	47716	20536	36	12	19	15	7	5	229
2227000	2015	150	8	53850	2872	45300	2416	18	5	9	6	1	1	229
2227000	2016	106	35	38054	12565	32012	10570	30	17	12	8	6	5	229
2227000	2017	20	1	7180	359	6040	302	8	1	3	2	0	0	229
2227000	2018	55	20	19745	7180	16610	6040	31	14	14	14	9	8	229
2227000	2019	0	0	0	0	0	0	0	0	0	0	0	0	229
2227000	2020	0	0	0	0	0	0	0	0	0	0	0	0	229
2227300	1983	2	0	74	0	92	0	2	0	2	2	0	0	229
2227300	1984	1	1	37	37	46	46	1	1	1	1	1	1	229
2227300	1985	1	0	37	0	46	0	1	0	1	0	0	0	229
2227300	1986	0	0	0	0	0	0	0	0	0	0	0	0	229
2227300	1987	0	0	0	0	0	0	0	0	0	0	0	0	229
2227300	1988	0	0	0	0	0	0	0	0	0	0	0	0	229
2227300	1989	0	0	0	0	0	0	0	0	0	0	0	0	229
2227300	1990	0	0	0	0	0	0	0	0	0	0	0	0	229
2227300	1991	0	0	0	0	0	0	0	0	0	0	0	0	229
2227300	1992	0	0	0	0	0	0	0	0	0	0	0	0	229
2227300	1993	0	0	0	0	0	0	0	0	0	0	0	0	229
2227300	1994	0	0	0	0	0	0	0	0	0	0	0	0	229
2227300	1995	0	0	0	0	0	0	0	0	0	0	0	0	229
2227300	1996	4	0	148	0	184	0	4	0	2	2	0	0	229
2227300	1997	0	0	0	0	0	0	0	0	0	0	0	0	229
2227300	1998	0	0	0	0	0	0	0	0	0	0	0	0	229
2227300	1999	1	0	37	0	46	0	1	0	1	1	0	0	229
2227300	2000	0	0	0	0	0	0	0	0	0	0	0	0	229
2227300	2001	0	0	0	0	0	0	0	0	0	0	0	0	229
2227300	2002	0	0	0	0	0	0	0	0	0	0	0	0	229
2227300	2003	1	0	37	0	46	0	1	0	0	0	0	0	229
2227300	2004	0	0	0	0	0	0	0	0	0	0	0	0	229
2227300	2005	0	0	0	0	0	0	0	0	0	0	0	0	229
2227300	2006	0	0	0	0	0	0	0	0	0	0	0	0	229
2227300	2007	0	0	0	0	0	0	0	0	0	0	0	0	229
2227300	2008	2	0	74	0	92	0	2	0	2	0	0	0	229
2227300	2009	6	1	222	37	276	46	6	1	4	3	1	1	229
2227300	2010	3	0	111	0	138	0	3	0	0	0	0	0	229
2227300	2011	6	0	222	0	276	0	4	0	1	1	0	0	229
2227300	2012	12	8	444	296	552	368	12	3	7	8	2	2	229
2227300	2013	18	3	666	111	828	138	15	3	8	10	2	2	229
2227300	2014	7	0	259	0	322	0	6	0	0	4	0	0	229
2227300	2015	19	10	703	370	874	460	13	3	1	5	0	1	229
2227300	2016	80	11	2960	407	3680	506	34	6	7	10	2	2	229
2227300	2017	25	6	925	222	1150	276	15	2	4	5	1	0	229
2227300	2018	33	16	1221	592	1518	736	16	7	3	9	1	6	229
2227300	2019	36	20	1332	740	1656	920	24	3	5	9	0	1	229
2227300	2020	0	0	0	0	0	0	0	0	0	0	0	0	229
2362868	1993	1	41	404	16564	244	10004	1	1	1	1	1	1	204
2362868	1994	7	418	2828	168872	1708	101992	3	3	0	0	0	0	204
2362868	1995	812	4006	328048	1618424	198128	977464	59	53	29	22	29	22	204
2362868	1996	58	329	23432	132916	14152	80276	13	13	1	1	1	1	204
2362868	1997	23	756	9292	305424	5612	184464	14	13	5	1	4	0	204
2362868	1998	18	1018	7272	411272	4392	248392	15	15	8	1	8	1	204
2362868	1999	1381	9430	557924	3809720	336964	2300920	81	79	49	23	48	23	204
2362868	2000	219	5367	88476	2168268	53436	1309548	28	27	8	5	7	5	204
2362868	2001	1074	6188	433896	2499952	262056	1509872	81	77	40	32	40	32	204
2362868	2002	291	5443	117564	2198972	71004	1328092	46	46	10	2	10	2	204
2362868	2003	293	4062	118372	1641048	71492	991128	58	53	21	12	20	10	204
2362868	2004	744	6588	300576	2661552	181536	1607472	65	63	16	9	16	9	204
2362868	2005	366	10624	147864	4292096	89304	2592256	77	75	25	13	24	12	204
2362868	2006	1146	7038	462984	2843352	279624	1717272	115	111	59	49	59	49	204
2362868	2007	1506	16700	608424	6746800	367464	4074800	98	95	58	31	56	29	204
2362868	2008	664	21332	268256	8618128	162016	5205008	110	108	46	41	45	40	204
2362868	2009	1158	9351	467832	3777804	282552	2281644	114	98	52	32	44	28	204
2362868	2010	831	13147	335724	5311388	202764	3207868	127	119	57	27	52	27	204
2362868	2011	1115	16192	450460	6541568	272060	3950848	156	137	71	41	61	31	204
2362868	2012	747	8623	301788	3483692	182268	2104012	108	99	34	29	31	27	204
2362868	2013	552	7051	223008	2848604	134688	1720444	70	55	28	22	24	20	204
2362868	2014	1038	12954	419352	5233416	253272	3160776	71	56	48	32	39	27	204
2362868	2015	548	5995	221392	2421980	133712	1462780	57	39	28	15	24	14	204
2362868	2016	195	3204	78780	1294416	47580	781776	76	63	26	24	18	20	204
2362868	2017	516	4700	208464	1898800	125904	1146800	90	64	35	14	22	8	204
2362868	2018	277	2880	111908	1163520	67588	702720	69	50	25	16	16	10	204
2362868	2019	40	47	16160	18988	9760	11468	31	9	19	8	9	5	204
2362868	2020	0	0	0	0	0	0	0	0	0	0	0	0	204
2394486	1943	1	0	440	0	239	0	1	0	0	0	0	0	204
2394486	1944	0	0	0	0	0	0	0	0	0	0	0	0	204
2394486	1945	0	0	0	0	0	0	0	0	0	0	0	0	204
2394486	1946	0	0	0	0	0	0	0	0	0	0	0	0	204
2394486	1947	0	0	0	0	0	0	0	0	0	0	0	0	204
2394486	1948	0	0	0	0	0	0	0	0	0	0	0	0	204
2394486	1949	0	0	0	0	0	0	0	0	0	0	0	0	204
2394486	1950	0	0	0	0	0	0	0	0	0	0	0	0	204
2394486	1951	0	0	0	0	0	0	0	0	0	0	0	0	204
2394486	1952	0	0	0	0	0	0	0	0	0	0	0	0	204
2394486	1953	0	0	0	0	0	0	0	0	0	0	0	0	204
2394486	1954	0	0	0	0	0	0	0	0	0	0	0	0	204
2394486	1955	0	0	0	0	0	0	0	0	0	0	0	0	204
2394486	1956	0	0	0	0	0	0	0	0	0	0	0	0	204
2394486	1957	0	0	0	0	0	0	0	0	0	0	0	0	204
2394486	1958	0	0	0	0	0	0	0	0	0	0	0	0	204
2394486	1959	0	0	0	0	0	0	0	0	0	0	0	0	204
2394486	1960	0	0	0	0	0	0	0	0	0	0	0	0	204
2394486	1961	0	0	0	0	0	0	0	0	0	0	0	0	204
2394486	1962	0	0	0	0	0	0	0	0	0	0	0	0	204
2394486	1963	0	0	0	0	0	0	0	0	0	0	0	0	204
2394486	1964	0	0	0	0	0	0	0	0	0	0	0	0	204
2394486	1965	0	0	0	0	0	0	0	0	0	0	0	0	204
2394486	1966	0	0	0	0	0	0	0	0	0	0	0	0	204
2394486	1967	0	0	0	0	0	0	0	0	0	0	0	0	204
2394486	1968	0	0	0	0	0	0	0	0	0	0	0	0	204
2394486	1969	0	0	0	0	0	0	0	0	0	0	0	0	204
2394486	1970	0	0	0	0	0	0	0	0	0	0	0	0	204
2394486	1971	0	0	0	0	0	0	0	0	0	0	0	0	204
2394486	1972	0	0	0	0	0	0	0	0	0	0	0	0	204
2394486	1973	0	0	0	0	0	0	0	0	0	0	0	0	204
2394486	1974	0	0	0	0	0	0	0	0	0	0	0	0	204
2394486	1975	0	0	0	0	0	0	0	0	0	0	0	0	204
2394486	1976	0	0	0	0	0	0	0	0	0	0	0	0	204
2394486	1977	0	0	0	0	0	0	0	0	0	0	0	0	204
2394486	1978	0	0	0	0	0	0	0	0	0	0	0	0	204
2394486	1979	0	0	0	0	0	0	0	0	0	0	0	0	204
2394486	1980	0	0	0	0	0	0	0	0	0	0	0	0	204
2394486	1981	0	0	0	0	0	0	0	0	0	0	0	0	204
2394486	1982	0	0	0	0	0	0	0	0	0	0	0	0	204
2394486	1983	0	0	0	0	0	0	0	0	0	0	0	0	204
2394486	1984	0	0	0	0	0	0	0	0	0	0	0	0	204
2394486	1985	0	0	0	0	0	0	0	0	0	0	0	0	204
2394486	1986	0	0	0	0	0	0	0	0	0	0	0	0	204
2394486	1987	0	0	0	0	0	0	0	0	0	0	0	0	204
2394486	1988	0	0	0	0	0	0	0	0	0	0	0	0	204
2394486	1989	16	154	7040	67760	3824	36806	9	8	8	0	8	0	204
2394486	1990	7	47	3080	20680	1673	11233	5	5	2	0	2	0	204
2394486	1991	0	0	0	0	0	0	0	0	0	0	0	0	204
2394486	1992	5	70	2200	30800	1195	16730	4	4	3	0	3	0	204
2394486	1993	2	133	880	58520	478	31787	2	2	2	1	2	1	204
2394486	1994	48	635	21120	279400	11472	151765	7	6	4	2	4	2	204
2394486	1995	663	3263	291720	1435720	158457	779857	51	50	26	17	26	17	204
2394486	1996	411	3328	180840	1464320	98229	795392	57	57	34	9	34	9	204
2394486	1997	145	2819	63800	1240360	34655	673741	27	26	14	1	13	1	204
2394486	1998	169	2434	74360	1070960	40391	581726	32	31	16	7	15	7	204
2394486	1999	355	6995	156200	3077800	84845	1671805	36	36	19	13	19	13	204
2394486	2000	129	7819	56760	3440360	30831	1868741	32	31	23	15	22	15	204
2394486	2001	432	7371	190080	3243240	103248	1761669	63	61	40	28	40	28	204
2394486	2002	215	2476	94600	1089440	51385	591764	26	24	8	4	6	2	204
2394486	2003	279	4592	122760	2020480	66681	1097488	50	47	30	11	28	10	204
2394486	2004	356	3850	156640	1694000	85084	920150	42	39	25	19	22	18	204
2394486	2005	474	7197	208560	3166680	113286	1720083	35	35	16	9	16	9	204
2394486	2006	423	7952	186120	3498880	101097	1900528	47	46	36	28	35	27	204
2394486	2007	755	11433	332200	5030520	180445	2732487	67	63	31	20	29	19	204
2394486	2008	394	11915	173360	5242600	94166	2847685	78	64	50	29	41	24	204
2394486	2009	292	6565	128480	2888600	69788	1569035	61	48	37	21	28	13	204
2394486	2010	326	5200	143440	2288000	77914	1242800	71	56	44	30	32	22	204
2394486	2011	286	6256	125840	2752640	68354	1495184	79	56	54	24	35	15	204
2394486	2012	301	4411	132440	1940840	71939	1054229	58	50	28	11	23	9	204
2394486	2013	174	3015	76560	1326600	41586	720585	59	37	40	15	23	10	204
2394486	2014	407	6592	179080	2900480	97273	1575488	58	44	43	23	34	20	204
2394486	2015	110	2707	48400	1191080	26290	646973	63	32	37	19	20	11	204
2394486	2016	235	1488	103400	654720	56165	355632	74	54	44	26	30	23	204
2394486	2017	321	1950	141240	858000	76719	466050	74	43	44	21	22	13	204
2394486	2018	363	3214	159720	1414160	86757	768146	86	51	43	21	22	7	204
2394486	2019	63	40	27720	17600	15057	9560	42	14	31	12	12	6	204
2394486	2020	0	0	0	0	0	0	0	0	0	0	0	0	204
2427091	1996	1	0	83	0	29	0	1	0	1	1	0	0	131
2427091	1997	2	2	166	166	58	58	2	1	2	0	1	0	131
2427091	1998	0	0	0	0	0	0	0	0	0	0	0	0	131
2427091	1999	3	0	249	0	87	0	3	0	1	0	0	0	131
2427091	2000	1	0	83	0	29	0	1	0	1	0	0	0	131
2427091	2001	37	0	3071	0	1073	0	15	0	12	0	0	0	131
2427091	2002	43	0	3569	0	1247	0	14	0	13	1	0	0	131
2427091	2003	53	0	4399	0	1537	0	9	0	7	2	0	0	131
2427091	2004	17	1	1411	83	493	29	7	1	6	2	1	1	131
2427091	2005	35	5	2905	415	1015	145	16	2	11	3	1	1	131
2427091	2006	29	3	2407	249	841	87	10	1	5	4	1	1	131
2427091	2007	43	6	3569	498	1247	174	18	2	14	9	2	2	131
2427091	2008	90	9	7470	747	2610	261	26	2	18	3	1	1	131
2427091	2009	87	2	7221	166	2523	58	33	2	20	8	2	2	131
2427091	2010	254	15	21082	1245	7366	435	40	5	28	9	3	2	131
2427091	2011	497	14	41251	1162	14413	406	25	4	21	3	3	1	131
2427091	2012	485	11	40255	913	14065	319	22	4	16	3	3	2	131
2427091	2013	389	1	32287	83	11281	29	20	1	11	0	1	0	131
2427091	2014	544	6	45152	498	15776	174	16	3	12	1	1	0	131
2427091	2015	252	22	20916	1826	7308	638	12	3	8	1	1	0	131
2427091	2016	295	3	24485	249	8555	87	33	3	23	5	0	0	131
2427091	2017	437	23	36271	1909	12673	667	31	7	17	2	2	1	131
2427091	2018	425	40	35275	3320	12325	1160	38	13	22	2	6	1	131
2427091	2019	72	5	5976	415	2088	145	21	2	12	1	1	1	131
2427091	2020	0	0	0	0	0	0	0	0	0	0	0	0	131
2434552	1986	1	0	23	0	21	0	1	0	1	0	0	0	359
2434552	1987	0	0	0	0	0	0	0	0	0	0	0	0	359
2434552	1988	0	0	0	0	0	0	0	0	0	0	0	0	359
2434552	1989	0	0	0	0	0	0	0	0	0	0	0	0	359
2434552	1990	0	0	0	0	0	0	0	0	0	0	0	0	359
2434552	1991	0	0	0	0	0	0	0	0	0	0	0	0	359
2434552	1992	0	0	0	0	0	0	0	0	0	0	0	0	359
2434552	1993	0	0	0	0	0	0	0	0	0	0	0	0	359
2434552	1994	0	0	0	0	0	0	0	0	0	0	0	0	359
2434552	1995	0	0	0	0	0	0	0	0	0	0	0	0	359
2434552	1996	0	0	0	0	0	0	0	0	0	0	0	0	359
2434552	1997	0	0	0	0	0	0	0	0	0	0	0	0	359
2434552	1998	0	0	0	0	0	0	0	0	0	0	0	0	359
2434552	1999	0	0	0	0	0	0	0	0	0	0	0	0	359
2434552	2000	0	0	0	0	0	0	0	0	0	0	0	0	359
2434552	2001	0	0	0	0	0	0	0	0	0	0	0	0	359
2434552	2002	1	0	23	0	21	0	1	0	0	0	0	0	359
2434552	2003	0	0	0	0	0	0	0	0	0	0	0	0	359
2434552	2004	0	0	0	0	0	0	0	0	0	0	0	0	359
2434552	2005	0	0	0	0	0	0	0	0	0	0	0	0	359
2434552	2006	0	0	0	0	0	0	0	0	0	0	0	0	359
2434552	2007	0	0	0	0	0	0	0	0	0	0	0	0	359
2434552	2008	0	0	0	0	0	0	0	0	0	0	0	0	359
2434552	2009	1	0	23	0	21	0	1	0	1	1	0	0	359
2434552	2010	0	0	0	0	0	0	0	0	0	0	0	0	359
2434552	2011	2	0	46	0	42	0	2	0	2	2	0	0	359
2434552	2012	4	0	92	0	84	0	4	0	4	4	0	0	359
2434552	2013	2	0	46	0	42	0	2	0	1	1	0	0	359
2434552	2014	8	0	184	0	168	0	6	0	4	4	0	0	359
2434552	2015	2	0	46	0	42	0	2	0	0	0	0	0	359
2434552	2016	4	2	92	46	84	42	3	2	2	1	1	1	359
2434552	2017	9	0	207	0	189	0	7	0	5	5	0	0	359
2434552	2018	3	3	69	69	63	63	3	1	3	3	1	1	359
2434552	2019	0	0	0	0	0	0	0	0	0	0	0	0	359
2434552	2020	0	0	0	0	0	0	0	0	0	0	0	0	359
2437394	2008	1	0	1	0	4	0	1	0	0	0	0	0	359
2437394	2009	0	0	0	0	0	0	0	0	0	0	0	0	359
2437394	2010	2	0	2	0	8	0	1	0	0	0	0	0	359
2437394	2011	1	1	1	1	4	4	1	1	0	1	0	1	359
2437394	2012	1	0	1	0	4	0	1	0	1	1	0	0	359
2437394	2013	6	0	6	0	24	0	5	0	0	2	0	0	359
2437394	2014	0	0	0	0	0	0	0	0	0	0	0	0	359
2437394	2015	0	0	0	0	0	0	0	0	0	0	0	0	359
2437394	2016	1	0	1	0	4	0	1	0	0	0	0	0	359
2437394	2017	0	0	0	0	0	0	0	0	0	0	0	0	359
2437394	2018	0	0	0	0	0	0	0	0	0	0	0	0	359
2437394	2019	0	0	0	0	0	0	0	0	0	0	0	0	359
2437394	2020	0	0	0	0	0	0	0	0	0	0	0	0	359
2437450	1980	1	0	71	0	21	0	1	0	1	1	0	0	359
2437450	1981	0	0	0	0	0	0	0	0	0	0	0	0	359
2437450	1982	0	0	0	0	0	0	0	0	0	0	0	0	359
2437450	1983	3	0	213	0	63	0	3	0	3	0	0	0	359
2437450	1984	1	0	71	0	21	0	1	0	1	0	0	0	359
2437450	1985	0	0	0	0	0	0	0	0	0	0	0	0	359
2437450	1986	1	0	71	0	21	0	1	0	0	0	0	0	359
2437450	1987	0	0	0	0	0	0	0	0	0	0	0	0	359
2437450	1988	1	0	71	0	21	0	1	0	1	1	0	0	359
2437450	1989	0	0	0	0	0	0	0	0	0	0	0	0	359
2437450	1990	2	0	142	0	42	0	2	0	1	1	0	0	359
2437450	1991	0	0	0	0	0	0	0	0	0	0	0	0	359
2437450	1992	0	0	0	0	0	0	0	0	0	0	0	0	359
2437450	1993	5	0	355	0	105	0	5	0	5	2	0	0	359
2437450	1994	0	0	0	0	0	0	0	0	0	0	0	0	359
2437450	1995	1	0	71	0	21	0	1	0	1	1	0	0	359
2437450	1996	3	0	213	0	63	0	3	0	2	0	0	0	359
2437450	1997	0	0	0	0	0	0	0	0	0	0	0	0	359
2437450	1998	1	1	71	71	21	21	1	1	0	0	0	0	359
2437450	1999	0	0	0	0	0	0	0	0	0	0	0	0	359
2437450	2000	9	3	639	213	189	63	7	2	5	1	2	0	359
2437450	2001	0	0	0	0	0	0	0	0	0	0	0	0	359
2437450	2002	3	2	213	142	63	42	3	1	3	2	1	1	359
2437450	2003	1	0	71	0	21	0	1	0	0	0	0	0	359
2437450	2004	2	0	142	0	42	0	2	0	2	1	0	0	359
2437450	2005	3	0	213	0	63	0	2	0	1	1	0	0	359
2437450	2006	1	0	71	0	21	0	1	0	0	0	0	0	359
2437450	2007	9	1	639	71	189	21	8	1	8	3	1	1	359
2437450	2008	14	6	994	426	294	126	10	3	8	4	3	3	359
2437450	2009	39	11	2769	781	819	231	22	6	21	3	6	2	359
2437450	2010	117	19	8307	1349	2457	399	41	9	34	8	7	3	359
2437450	2011	102	5	7242	355	2142	105	26	5	23	7	4	3	359
2437450	2012	161	19	11431	1349	3381	399	33	11	30	6	10	3	359
2437450	2013	54	15	3834	1065	1134	315	12	7	11	4	7	4	359
2437450	2014	111	36	7881	2556	2331	756	23	11	21	5	10	3	359
2437450	2015	141	40	10011	2840	2961	840	31	11	29	12	10	3	359
2437450	2016	104	32	7384	2272	2184	672	18	9	15	5	9	3	359
2437450	2017	184	30	13064	2130	3864	630	30	14	27	5	12	0	359
2437450	2018	122	11	8662	781	2562	231	19	7	18	2	7	0	359
2437450	2019	112	12	7952	852	2352	252	17	6	16	1	6	0	359
2437450	2020	0	0	0	0	0	0	0	0	0	0	0	0	359
2440946	2004	2	0	104	0	70	0	2	0	0	1	0	0	359
2440946	2005	4	0	208	0	140	0	4	0	0	1	0	0	359
2440946	2006	0	0	0	0	0	0	0	0	0	0	0	0	359
2440946	2007	0	0	0	0	0	0	0	0	0	0	0	0	359
2440946	2008	0	0	0	0	0	0	0	0	0	0	0	0	359
2440946	2009	1	0	52	0	35	0	1	0	0	0	0	0	359
2440946	2010	1	1	52	52	35	35	1	1	0	0	0	0	359
2440946	2011	2	2	104	104	70	70	2	1	1	1	1	0	359
2440946	2012	1	0	52	0	35	0	1	0	0	1	0	0	359
2440946	2013	13	6	676	312	455	210	12	3	1	2	0	0	359
2440946	2014	43	15	2236	780	1505	525	16	4	5	2	1	1	359
2440946	2015	83	35	4316	1820	2905	1225	17	8	7	5	2	1	359
2440946	2016	47	37	2444	1924	1645	1295	32	8	10	6	2	0	359
2440946	2017	60	27	3120	1404	2100	945	36	10	12	8	4	1	359
2440946	2018	123	27	6396	1404	4305	945	39	14	15	9	4	2	359
2440946	2019	74	25	3848	1300	2590	875	49	14	20	11	6	1	359
2440946	2020	0	0	0	0	0	0	0	0	0	0	0	0	359
2442941	1978	1	0	419	0	205	0	1	0	1	1	0	0	358
2442941	1979	0	0	0	0	0	0	0	0	0	0	0	0	358
2442941	1980	0	0	0	0	0	0	0	0	0	0	0	0	358
2442941	1981	0	0	0	0	0	0	0	0	0	0	0	0	358
2442941	1982	1	0	419	0	205	0	1	0	0	0	0	0	358
2442941	1983	0	0	0	0	0	0	0	0	0	0	0	0	358
2442941	1984	3	0	1257	0	615	0	1	0	1	0	0	0	358
2442941	1985	0	0	0	0	0	0	0	0	0	0	0	0	358
2442941	1986	0	0	0	0	0	0	0	0	0	0	0	0	358
2442941	1987	0	0	0	0	0	0	0	0	0	0	0	0	358
2442941	1988	0	0	0	0	0	0	0	0	0	0	0	0	358
2442941	1989	0	0	0	0	0	0	0	0	0	0	0	0	358
2442941	1990	2	0	838	0	410	0	2	0	0	0	0	0	358
2442941	1991	2	0	838	0	410	0	2	0	1	1	0	0	358
2442941	1992	0	0	0	0	0	0	0	0	0	0	0	0	358
2442941	1993	9	0	3771	0	1845	0	9	0	4	2	0	0	358
2442941	1994	10	0	4190	0	2050	0	9	0	2	1	0	0	358
2442941	1995	12	0	4800	0	2367	0	11	0	6	2	0	0	358
2442941	1996	56	0	23464	0	11480	0	51	0	18	10	0	0	358
2442941	1997	47	2	19465	610	9542	317	40	2	13	8	0	0	358
2442941	1998	49	0	20531	0	10045	0	38	0	19	10	0	0	358
2442941	1999	38	0	15466	0	7604	0	32	0	17	4	0	0	358
2442941	2000	22	1	9218	419	4510	205	15	1	4	3	0	0	358
2442941	2001	46	0	19274	0	9430	0	36	0	18	3	0	0	358
2442941	2002	37	0	15252	0	7465	0	27	0	8	5	0	0	358
2442941	2003	43	0	17287	0	8482	0	30	0	11	14	0	0	358
2442941	2004	42	0	17370	0	8517	0	30	0	14	9	0	0	358
2442941	2005	59	4	24242	1174	11882	580	46	2	19	13	0	0	358
2442941	2006	65	40	24453	10807	12155	5578	55	14	14	4	0	0	358
2442941	2007	41	4	15537	1220	7700	634	35	2	12	8	0	0	358
2442941	2008	92	30	30359	8556	15185	4407	69	16	32	12	6	2	358
2442941	2009	242	56	86003	14706	42890	7661	202	41	85	45	15	9	358
2442941	2010	337	80	113605	23438	56947	11900	264	44	118	55	22	6	358
2442941	2011	332	147	112738	40149	56141	20331	197	43	96	42	24	2	358
2442941	2012	340	170	119901	42122	59635	21638	208	67	84	34	23	5	358
2442941	2013	305	108	104485	28349	52277	14523	202	47	99	55	26	11	358
2442941	2014	478	328	158544	78940	79732	40492	263	87	116	53	29	11	358
2442941	2015	379	228	121600	56909	61270	28995	237	70	107	51	32	11	358
2442941	2016	322	162	104101	39337	52189	19965	224	61	107	56	30	16	358
2442941	2017	567	421	175949	103148	89478	52885	289	108	138	76	54	24	358
2442941	2018	536	371	154562	103259	79028	52688	332	122	145	83	49	19	358
2442941	2019	507	352	153112	86743	78135	44863	289	103	117	52	47	20	358
2442941	2020	0	0	0	0	0	0	0	0	0	0	0	0	358
2480764	1989	2	48	252	6048	256	6144	2	2	2	2	2	2	212
2480764	1990	3	496	378	62496	384	63488	3	3	3	3	3	3	212
2480764	1991	3	91	378	11466	384	11648	3	3	1	1	1	1	212
2480764	1992	2	124	252	15624	256	15872	2	2	0	1	0	1	212
2480764	1993	5	123	630	15498	640	15744	5	4	2	2	1	1	212
2480764	1994	9	290	1134	36540	1152	37120	8	7	3	5	3	5	212
2480764	1995	8	201	1008	25326	1024	25728	7	7	3	5	3	5	212
2480764	1996	2	125	252	15750	256	16000	2	2	1	2	1	2	212
2480764	1997	0	0	0	0	0	0	0	0	0	0	0	0	212
2480764	1998	0	0	0	0	0	0	0	0	0	0	0	0	212
2480764	1999	3	1	378	126	384	128	2	1	2	2	1	1	212
2480764	2000	13	812	1638	102312	1664	103936	13	12	11	3	11	3	212
2480764	2001	5	1109	630	139734	640	141952	4	3	3	3	2	2	212
2480764	2002	46	875	5796	110250	5888	112000	15	14	8	10	8	10	212
2480764	2003	1	22	126	2772	128	2816	1	1	0	0	0	0	212
2480764	2004	0	0	0	0	0	0	0	0	0	0	0	0	212
2480764	2005	2	34	252	4284	256	4352	2	2	0	0	0	0	212
2480764	2006	0	0	0	0	0	0	0	0	0	0	0	0	212
2480764	2007	70	3351	8820	422226	8960	428928	10	10	2	6	2	6	212
2480764	2008	26	854	3276	107604	3328	109312	16	16	6	4	6	4	212
2480764	2009	21	1730	2646	217980	2688	221440	19	16	10	14	7	11	212
2480764	2010	54	3354	6804	422604	6912	429312	22	22	5	4	5	4	212
2480764	2011	206	13884	25956	1749384	26368	1777152	55	55	26	29	26	29	212
2480764	2012	104	7685	13104	968310	13312	983680	22	22	8	13	8	13	212
2480764	2013	43	2889	5418	364014	5504	369792	13	13	3	4	3	4	212
2480764	2014	170	9559	21420	1204434	21760	1223552	44	43	16	12	16	12	212
2480764	2015	214	15430	26964	1944180	27392	1975040	51	50	20	25	20	25	212
2480764	2016	186	46943	23436	5914818	23808	6008704	43	42	24	28	24	28	212
2480764	2017	118	9267	14868	1167642	15104	1186176	33	33	14	12	14	12	212
2480764	2018	30	1606	3780	202356	3840	205568	10	10	7	5	7	5	212
2480764	2019	1	3	126	378	128	384	1	1	0	0	0	0	212
2480764	2020	0	0	0	0	0	0	0	0	0	0	0	0	212
2489005	2002	1	8	3	24	2	16	1	1	0	0	0	0	212
2489005	2003	0	0	0	0	0	0	0	0	0	0	0	0	212
2489005	2004	1	7	3	21	2	14	1	1	0	1	0	1	212
2489005	2005	0	0	0	0	0	0	0	0	0	0	0	0	212
2489005	2006	1	1	3	3	2	2	1	1	0	0	0	0	212
2489005	2007	0	0	0	0	0	0	0	0	0	0	0	0	212
2489005	2008	0	0	0	0	0	0	0	0	0	0	0	0	212
2489005	2009	0	0	0	0	0	0	0	0	0	0	0	0	212
2489005	2010	0	0	0	0	0	0	0	0	0	0	0	0	212
2489005	2011	0	0	0	0	0	0	0	0	0	0	0	0	212
2489005	2012	3	215	9	645	6	430	2	2	0	0	0	0	212
2489005	2013	0	0	0	0	0	0	0	0	0	0	0	0	212
2489005	2014	1	3	3	9	2	6	1	1	0	0	0	0	212
2489005	2015	0	0	0	0	0	0	0	0	0	0	0	0	212
2489005	2016	2	771	6	2313	4	1542	2	2	2	1	2	1	212
2489005	2017	2	134	6	402	4	268	2	2	1	0	1	0	212
2489005	2018	0	0	0	0	0	0	0	0	0	0	0	0	212
2489005	2019	0	0	0	0	0	0	0	0	0	0	0	0	212
2489005	2020	0	0	0	0	0	0	0	0	0	0	0	0	212
2498252	1958	1	0	3843	0	2738	0	1	0	0	0	0	0	212
2498252	1959	0	0	0	0	0	0	0	0	0	0	0	0	212
2498252	1960	0	0	0	0	0	0	0	0	0	0	0	0	212
2498252	1961	0	0	0	0	0	0	0	0	0	0	0	0	212
2498252	1962	0	0	0	0	0	0	0	0	0	0	0	0	212
2498252	1963	0	0	0	0	0	0	0	0	0	0	0	0	212
2498252	1964	0	0	0	0	0	0	0	0	0	0	0	0	212
2498252	1965	0	0	0	0	0	0	0	0	0	0	0	0	212
2498252	1966	0	0	0	0	0	0	0	0	0	0	0	0	212
2498252	1967	0	0	0	0	0	0	0	0	0	0	0	0	212
2498252	1968	0	0	0	0	0	0	0	0	0	0	0	0	212
2498252	1969	1	1	3843	3843	2738	2738	1	1	1	1	1	1	212
2498252	1970	0	0	0	0	0	0	0	0	0	0	0	0	212
2498252	1971	0	0	0	0	0	0	0	0	0	0	0	0	212
2498252	1972	0	0	0	0	0	0	0	0	0	0	0	0	212
2498252	1973	1	0	3843	0	2738	0	1	0	0	0	0	0	212
2498252	1974	0	0	0	0	0	0	0	0	0	0	0	0	212
2498252	1975	3	9	11529	34587	8214	24642	1	1	1	1	1	1	212
2498252	1976	0	0	0	0	0	0	0	0	0	0	0	0	212
2498252	1977	10	45	38430	172935	27380	123210	3	3	0	2	0	2	212
2498252	1978	0	0	0	0	0	0	0	0	0	0	0	0	212
2498252	1979	1	0	3843	0	2738	0	1	0	1	1	0	0	212
2498252	1980	4	13	15372	49959	10952	35594	3	1	1	1	0	0	212
2498252	1981	26	249	99918	956907	71188	681762	13	13	3	2	3	2	212
2498252	1982	60	575	230580	2209725	164280	1574350	18	17	2	1	2	1	212
2498252	1983	115	703	441945	2701629	314870	1924814	36	34	11	2	10	2	212
2498252	1984	204	781	783972	3001383	558552	2138378	45	43	19	9	19	9	212
2498252	1985	175	734	672525	2820762	479150	2009692	25	25	9	8	9	8	212
2498252	1986	230	1171	883890	4500153	629740	3206198	40	39	19	10	19	10	212
2498252	1987	217	1214	833931	4665402	594146	3323932	46	44	21	11	21	11	212
2498252	1988	107	435	411201	1671705	292966	1191030	44	42	19	7	19	7	212
2498252	1989	80	258	307440	991494	219040	706404	33	29	8	6	8	6	212
2498252	1990	140	1181	538020	4538583	383320	3233578	63	53	16	16	15	14	212
2498252	1991	149	1594	572607	6125742	407962	4364372	75	68	14	11	13	10	212
2498252	1992	187	2242	718641	8616006	512006	6138596	83	78	29	25	27	25	212
2498252	1993	284	3092	1091412	11882556	777592	8465896	136	134	53	35	52	35	212
2498252	1994	400	3600	1537200	13834800	1095200	9856800	191	182	79	63	77	60	212
2498252	1995	713	5652	2740059	21720636	1952194	15475176	249	242	97	76	94	72	212
2498252	1996	670	8206	2574810	31535658	1834460	22468028	326	321	145	121	144	120	212
2498252	1997	681	7868	2617083	30236724	1864578	21542584	360	349	161	130	157	128	212
2498252	1998	801	9958	3078243	38268594	2193138	27265004	394	380	170	135	166	132	212
2498252	1999	981	14494	3769983	55700442	2685978	39684572	488	470	213	157	207	153	212
2498252	2000	1426	27129	5480118	104256747	3904388	74279202	776	754	296	219	290	213	212
2498252	2001	1618	31719	6217974	121896117	4430084	86846622	876	865	326	219	322	215	212
2498252	2002	1981	36206	7612983	139139658	5423978	99132028	1010	987	360	259	358	257	212
2498252	2003	1528	23660	5872104	90925380	4183664	64781080	750	725	307	232	300	225	212
2498252	2004	1861	29628	7151823	113860404	5095418	81121464	877	851	344	236	339	231	212
2498252	2005	1837	29346	7059591	112776678	5029706	80349348	852	832	335	236	328	229	212
2498252	2006	1972	33615	7578396	129182445	5399336	92037870	879	866	336	243	331	238	212
2498252	2007	2203	45633	8466129	175367619	6031814	124943154	1079	1047	409	295	399	284	212
2498252	2008	3615	83139	13892445	319503177	9897870	227634582	1618	1531	604	423	568	389	212
2498252	2009	7589	199440	29164527	766447920	20778682	546066720	3069	2813	1111	774	1012	674	212
2498252	2010	9730	288577	37392390	1109001411	26640740	790123826	3548	3224	1270	901	1157	789	212
2498252	2011	11534	311323	44325162	1196414289	31580092	852402374	3224	2984	1196	884	1107	797	212
2498252	2012	11788	354893	45301284	1363853799	32275544	971697034	3354	3112	1280	946	1193	859	212
2498252	2013	12187	477214	46834641	1833933402	33368006	1306611932	3331	3112	1200	929	1126	855	212
2498252	2014	13387	646196	51446241	2483331228	36653606	1769284648	3390	3155	1276	931	1181	837	212
2498252	2015	16477	672567	63321111	2584674981	45114026	1841488446	3570	3349	1333	973	1238	878	212
2498252	2016	18040	2403717	69327720	9237484431	49393520	6581377146	3764	3473	1376	1011	1255	890	212
2498252	2017	17821	605800	68486103	2328089400	48793898	1658680400	3773	3514	1403	1012	1291	900	212
2498252	2018	17862	652978	68643666	2509394454	48906156	1787853764	3975	3657	1519	1102	1376	959	212
2498252	2019	16665	38834	64043595	149239062	45628770	106327492	3600	2687	1343	907	1058	735	212
2498252	2020	2	1	7686	3843	5476	2738	2	1	1	0	1	0	212
2498305	1979	3	19	420	2660	402	2546	2	2	1	2	1	2	212
2498305	1980	14	210	1960	29400	1876	28140	7	7	0	2	0	2	212
2498305	1981	9	183	1260	25620	1206	24522	4	4	0	0	0	0	212
2498305	1982	1	13	140	1820	134	1742	1	1	0	0	0	0	212
2498305	1983	1	2	140	280	134	268	1	1	0	0	0	0	212
2498305	1984	0	0	0	0	0	0	0	0	0	0	0	0	212
2498305	1985	5	253	700	35420	670	33902	3	3	1	3	1	3	212
2498305	1986	25	119	3500	16660	3350	15946	3	3	0	2	0	2	212
2498305	1987	0	0	0	0	0	0	0	0	0	0	0	0	212
2498305	1988	20	150	2800	21000	2680	20100	10	9	3	2	3	2	212
2498305	1989	65	475	9100	66500	8710	63650	18	16	2	8	2	8	212
2498305	1990	98	451	13720	63140	13132	60434	16	12	6	8	2	4	212
2498305	1991	112	857	15680	119980	15008	114838	21	18	3	6	2	5	212
2498305	1992	138	1023	19320	143220	18492	137082	24	24	2	5	2	5	212
2498305	1993	56	1089	7840	152460	7504	145926	19	19	0	3	0	3	212
2498305	1994	41	677	5740	94780	5494	90718	22	21	6	10	5	9	212
2498305	1995	54	812	7560	113680	7236	108808	25	23	4	5	4	5	212
2498305	1996	52	1380	7280	193200	6968	184920	25	25	10	9	10	9	212
2498305	1997	46	829	6440	116060	6164	111086	20	20	9	6	9	6	212
2498305	1998	72	1813	10080	253820	9648	242942	20	20	13	13	13	13	212
2498305	1999	153	2417	21420	338380	20502	323878	19	18	7	5	7	5	212
2498305	2000	4	93	560	13020	536	12462	4	3	2	1	1	0	212
2498305	2001	49	2062	6860	288680	6566	276308	19	18	6	8	5	7	212
2498305	2002	18	680	2520	95200	2412	91120	11	11	2	2	2	2	212
2498305	2003	43	2329	6020	326060	5762	312086	23	23	6	10	6	10	212
2498305	2004	53	1214	7420	169960	7102	162676	41	39	12	10	12	10	212
2498305	2005	55	2243	7700	314020	7370	300562	30	29	8	9	7	8	212
2498305	2006	115	3206	16100	448840	15410	429604	21	19	9	14	8	13	212
2498305	2007	177	3821	24780	534940	23718	512014	32	30	8	14	6	12	212
2498305	2008	315	9433	44100	1320620	42210	1264022	69	68	19	23	18	22	212
2498305	2009	572	16209	80080	2269260	76648	2172006	117	114	29	35	29	35	212
2498305	2010	586	15371	82040	2151940	78524	2059714	87	87	22	28	22	28	212
2498305	2011	526	20829	73640	2916060	70484	2791086	79	78	24	29	24	29	212
2498305	2012	469	27237	65660	3813180	62846	3649758	92	91	17	31	17	31	212
2498305	2013	339	19760	47460	2766400	45426	2647840	74	73	10	20	10	20	212
2498305	2014	235	16729	32900	2342060	31490	2241686	53	52	8	13	8	13	212
2498305	2015	234	15806	32760	2212840	31356	2118004	43	40	8	15	8	15	212
2498305	2016	268	54677	37520	7654780	35912	7326718	49	47	17	22	17	22	212
2498305	2017	183	11648	25620	1630720	24522	1560832	33	33	9	17	9	17	212
2498305	2018	60	6296	8400	881440	8040	843664	23	23	3	10	3	10	212
2498305	2019	41	683	5740	95620	5494	91522	10	10	1	6	1	6	212
2498305	2020	0	0	0	0	0	0	0	0	0	0	0	0	212
2765940	2001	1	18	11	198	6	108	1	1	0	0	0	0	196
2765940	2002	0	0	0	0	0	0	0	0	0	0	0	0	196
2765940	2003	1	4	11	44	6	24	1	1	0	0	0	0	196
2765940	2004	0	0	0	0	0	0	0	0	0	0	0	0	196
2765940	2005	0	0	0	0	0	0	0	0	0	0	0	0	196
2765940	2006	0	0	0	0	0	0	0	0	0	0	0	0	196
2765940	2007	0	0	0	0	0	0	0	0	0	0	0	0	196
2765940	2008	1	0	11	0	6	0	1	0	0	0	0	0	196
2765940	2009	3	43	33	473	18	258	3	3	1	0	1	0	196
2765940	2010	0	0	0	0	0	0	0	0	0	0	0	0	196
2765940	2011	2	5	22	55	12	30	1	1	1	0	1	0	196
2765940	2012	2	4	22	44	12	24	2	1	1	0	1	0	196
2765940	2013	3	53	33	583	18	318	3	3	0	3	0	3	196
2765940	2014	1	12	11	132	6	72	1	1	0	0	0	0	196
2765940	2015	1	0	11	0	6	0	1	0	0	0	0	0	196
2765940	2016	3	56	33	616	18	336	3	3	2	1	2	1	196
2765940	2017	16	132	176	1452	96	792	10	10	6	2	6	2	196
2765940	2018	0	0	0	0	0	0	0	0	0	0	0	0	196
2765940	2019	0	0	0	0	0	0	0	0	0	0	0	0	196
2765940	2020	0	0	0	0	0	0	0	0	0	0	0	0	196
2865565	2004	1	0	18	0	13	0	1	0	0	0	0	0	196
2865565	2005	0	0	0	0	0	0	0	0	0	0	0	0	196
2865565	2006	8	15	144	270	104	195	5	2	2	0	2	0	196
2865565	2007	4	45	72	810	52	585	3	3	3	3	3	3	196
2865565	2008	2	8	36	144	26	104	2	1	1	1	1	1	196
2865565	2009	0	0	0	0	0	0	0	0	0	0	0	0	196
2865565	2010	1	0	18	0	13	0	1	0	1	1	0	0	196
2865565	2011	0	0	0	0	0	0	0	0	0	0	0	0	196
2865565	2012	0	0	0	0	0	0	0	0	0	0	0	0	196
2865565	2013	4	1	72	18	52	13	3	1	0	0	0	0	196
2865565	2014	64	65	1152	1170	832	845	11	8	4	3	2	1	196
2865565	2015	15	30	270	540	195	390	6	4	3	2	2	1	196
2865565	2016	4	26	72	468	52	338	4	3	0	0	0	0	196
2865565	2017	22	31	396	558	286	403	18	8	7	6	3	2	196
2865565	2018	9	25	162	450	117	325	5	4	1	1	1	1	196
2865565	2019	5	1	90	18	65	13	4	1	1	0	0	0	196
2865565	2020	0	0	0	0	0	0	0	0	0	0	0	0	196
2869311	2008	1	0	21	0	16	0	1	0	1	1	0	0	196
2869311	2009	0	0	0	0	0	0	0	0	0	0	0	0	196
2869311	2010	1	0	21	0	16	0	1	0	1	1	0	0	196
2869311	2011	4	3	84	63	64	48	4	1	2	1	1	0	196
2869311	2012	1	12	21	252	16	192	1	1	1	0	1	0	196
2869311	2013	6	3	126	63	96	48	5	1	3	2	1	0	196
2869311	2014	1	19	21	399	16	304	1	1	0	0	0	0	196
2869311	2015	39	0	819	0	624	0	6	0	4	4	0	0	196
2869311	2016	3	33	63	693	48	528	3	1	2	1	1	0	196
2869311	2017	16	202	336	4242	256	3232	12	4	7	5	2	0	196
2869311	2018	3	13	63	273	48	208	3	2	2	2	1	1	196
2869311	2019	3	15	63	315	48	240	3	2	1	1	0	0	196
2869311	2020	0	0	0	0	0	0	0	0	0	0	0	0	196
2882443	1998	3	50	18	300	0	0	3	3	2	0	2	0	220
2882443	1999	0	0	0	0	0	0	0	0	0	0	0	0	220
2882443	2000	0	0	0	0	0	0	0	0	0	0	0	0	220
2882443	2001	1	26	6	156	0	0	1	1	1	0	1	0	220
2882443	2002	0	0	0	0	0	0	0	0	0	0	0	0	220
2882443	2003	0	0	0	0	0	0	0	0	0	0	0	0	220
2882443	2004	0	0	0	0	0	0	0	0	0	0	0	0	220
2882443	2005	0	0	0	0	0	0	0	0	0	0	0	0	220
2882443	2006	0	0	0	0	0	0	0	0	0	0	0	0	220
2882443	2007	0	0	0	0	0	0	0	0	0	0	0	0	220
2882443	2008	0	0	0	0	0	0	0	0	0	0	0	0	220
2882443	2009	0	0	0	0	0	0	0	0	0	0	0	0	220
2882443	2010	0	0	0	0	0	0	0	0	0	0	0	0	220
2882443	2011	0	0	0	0	0	0	0	0	0	0	0	0	220
2882443	2012	0	0	0	0	0	0	0	0	0	0	0	0	220
2882443	2013	4	0	24	0	0	0	1	0	0	0	0	0	220
2882443	2014	4	3	24	18	0	0	2	2	0	0	0	0	220
2882443	2015	0	0	0	0	0	0	0	0	0	0	0	0	220
2882443	2016	3	2	18	12	0	0	2	1	0	0	0	0	220
2882443	2017	6	211	36	1266	0	0	3	3	1	0	1	0	220
2882443	2018	7	87	42	522	0	0	7	7	2	0	2	0	220
2882443	2019	1	42	6	252	0	0	1	1	1	0	1	0	220
2882443	2020	0	0	0	0	0	0	0	0	0	0	0	0	220
2891770	1940	45	781	88335	1533103	56745	984841	45	45	11	5	11	5	220
2891770	1941	1	11	1963	21593	1261	13871	1	1	0	0	0	0	220
2891770	1942	1	69	1963	135447	1261	87009	1	1	1	0	1	0	220
2891770	1943	2	190	3926	372970	2522	239590	2	2	1	1	1	1	220
2891770	1944	1	89	1963	174707	1261	112229	1	1	0	0	0	0	220
2891770	1945	0	0	0	0	0	0	0	0	0	0	0	0	220
2891770	1946	0	0	0	0	0	0	0	0	0	0	0	0	220
2891770	1947	0	0	0	0	0	0	0	0	0	0	0	0	220
2891770	1948	1	0	1963	0	1261	0	1	0	0	0	0	0	220
2891770	1949	0	0	0	0	0	0	0	0	0	0	0	0	220
2891770	1950	0	0	0	0	0	0	0	0	0	0	0	0	220
2891770	1951	1	64	1963	125632	1261	80704	1	1	0	0	0	0	220
2891770	1952	1	84	1963	164892	1261	105924	1	1	0	0	0	0	220
2891770	1953	0	0	0	0	0	0	0	0	0	0	0	0	220
2891770	1954	1	24	1963	47112	1261	30264	1	1	0	0	0	0	220
2891770	1955	4	169	7852	331747	5044	213109	4	4	0	0	0	0	220
2891770	1956	3	110	5889	215930	3783	138710	3	3	1	0	1	0	220
2891770	1957	2	79	3926	155077	2522	99619	2	2	0	0	0	0	220
2891770	1958	3	427	5889	838201	3783	538447	3	3	2	1	2	1	220
2891770	1959	1	4	1963	7852	1261	5044	1	1	1	1	1	1	220
2891770	1960	1	76	1963	149188	1261	95836	1	1	0	0	0	0	220
2891770	1961	5	139	9815	272857	6305	175279	5	5	2	1	2	1	220
2891770	1962	0	0	0	0	0	0	0	0	0	0	0	0	220
2891770	1963	0	0	0	0	0	0	0	0	0	0	0	0	220
2891770	1964	0	0	0	0	0	0	0	0	0	0	0	0	220
2891770	1965	0	0	0	0	0	0	0	0	0	0	0	0	220
2891770	1966	0	0	0	0	0	0	0	0	0	0	0	0	220
2891770	1967	2	64	3926	125632	2522	80704	2	2	2	2	2	2	220
2891770	1968	0	0	0	0	0	0	0	0	0	0	0	0	220
2891770	1969	6	283	11778	555529	7566	356863	6	6	5	1	5	1	220
2891770	1970	1	29	1963	56927	1261	36569	1	1	0	0	0	0	220
2891770	1971	1	71	1963	139373	1261	89531	1	1	0	0	0	0	220
2891770	1972	207	22937	406341	45025331	261027	28923557	187	187	52	6	52	6	220
2891770	1973	4	236	7852	463268	5044	297596	4	4	2	1	2	1	220
2891770	1974	11	455	21593	893165	13871	573755	11	8	5	0	5	0	220
2891770	1975	10	418	19630	820534	12610	527098	9	9	2	1	2	1	220
2891770	1976	12	134	23556	263042	15132	168974	10	10	6	2	6	2	220
2891770	1977	12	855	23556	1678365	15132	1078155	12	12	8	5	8	5	220
2891770	1978	17	1439	33371	2824757	21437	1814579	14	14	8	0	8	0	220
2891770	1979	19	718	37297	1409434	23959	905398	19	19	5	7	5	7	220
2891770	1980	27	1400	53001	2748200	34047	1765400	25	24	12	6	11	6	220
2891770	1981	32	2589	62816	5082207	40352	3264729	31	31	7	1	7	1	220
2891770	1982	23	1394	45149	2736422	29003	1757834	23	22	16	11	15	10	220
2891770	1983	26	1329	51038	2608827	32786	1675869	26	23	8	2	7	1	220
2891770	1984	55	2588	107965	5080244	69355	3263468	48	46	26	9	24	9	220
2891770	1985	42	2289	82446	4493307	52962	2886429	41	40	21	9	20	8	220
2891770	1986	79	3873	155077	7602699	99619	4883853	75	68	27	10	24	7	220
2891770	1987	108	6201	212004	12172563	136188	7819461	101	85	32	17	26	11	220
2891770	1988	98	5659	192374	11108617	123578	7135999	94	89	33	17	29	15	220
2891770	1989	71	3410	139373	6693830	89531	4300010	70	70	27	11	27	11	220
2891770	1990	57	4420	111891	8676460	71877	5573620	50	49	17	5	16	4	220
2891770	1991	64	6364	125632	12492532	80704	8025004	61	59	31	13	31	13	220
2891770	1992	80	2529	157040	4964427	100880	3189069	63	59	44	31	40	27	220
2891770	1993	85	3283	166855	6444529	107185	4139863	83	57	40	31	21	13	220
2891770	1994	76	5845	149188	11473735	95836	7370545	70	68	27	12	27	12	220
2891770	1995	137	4215	268931	8274045	172757	5315115	92	89	55	42	53	40	220
2891770	1996	80	6664	157040	13081432	100880	8403304	77	74	31	18	28	15	220
2891770	1997	93	7570	182559	14859910	117273	9545770	85	81	38	20	34	17	220
2891770	1998	100	8137	196300	15972931	126100	10260757	84	80	22	12	18	8	220
2891770	1999	86	5896	168818	11573848	108446	7434856	85	83	40	18	40	18	220
2891770	2000	89	6574	174707	12904762	112229	8289814	79	77	31	19	29	17	220
2891770	2001	92	4266	180596	8374158	116012	5379426	84	82	25	8	25	8	220
2891770	2002	127	6055	249301	11885965	160147	7635355	119	98	34	17	24	9	220
2891770	2003	91	4837	178633	9495031	114751	6099457	83	75	42	15	36	9	220
2891770	2004	92	3871	180596	7598773	116012	4881331	90	77	35	20	29	14	220
2891770	2005	121	1584	237523	3109392	152581	1997424	116	54	63	49	24	10	220
2891770	2006	85	3338	166855	6552494	107185	4209218	80	71	34	25	29	20	220
2891770	2007	104	3855	204152	7567365	131144	4861155	101	91	56	41	48	33	220
2891770	2008	188	3223	369044	6326749	237068	4064203	167	129	92	67	70	49	220
2891770	2009	252	8802	494676	17278326	317772	11099322	239	193	112	91	88	67	220
2891770	2010	385	9485	755755	18619055	485485	11960585	339	277	163	112	128	75	220
2891770	2011	740	12369	1452620	24280347	933140	15597309	535	477	231	152	191	113	220
2891770	2012	733	13270	1438879	26049010	924313	16733470	499	435	254	164	212	121	220
2891770	2013	823	13212	1615549	25935156	1037803	16660332	507	439	250	163	210	127	220
2891770	2014	578	15010	1134614	29464630	728858	18927610	462	397	231	141	187	99	220
2891770	2015	897	26953	1760811	52908739	1131117	33987733	538	498	281	183	254	158	220
2891770	2016	961	20977	1886443	41177851	1211821	26451997	566	506	315	182	270	138	220
2891770	2017	1115	37316	2188745	73251308	1406015	47055476	607	556	339	199	304	165	220
2891770	2018	1060	35001	2080780	68706963	1336660	44136261	541	502	313	172	284	142	220
2891770	2019	1133	10112	2224079	19849856	1428713	12751232	500	413	255	129	221	108	220
2891770	2020	0	0	0	0	0	0	0	0	0	0	0	0	220
3034825	1945	1	0	1259	0	724	0	1	0	1	0	0	0	220
3034825	1946	1	24	1259	30216	724	17376	1	1	1	0	1	0	220
3034825	1947	0	0	0	0	0	0	0	0	0	0	0	0	220
3034825	1948	0	0	0	0	0	0	0	0	0	0	0	0	220
3034825	1949	0	0	0	0	0	0	0	0	0	0	0	0	220
3034825	1950	1	0	1259	0	724	0	1	0	0	0	0	0	220
3034825	1951	0	0	0	0	0	0	0	0	0	0	0	0	220
3034825	1952	0	0	0	0	0	0	0	0	0	0	0	0	220
3034825	1953	0	0	0	0	0	0	0	0	0	0	0	0	220
3034825	1954	1	48	1259	60432	724	34752	1	1	0	0	0	0	220
3034825	1955	0	0	0	0	0	0	0	0	0	0	0	0	220
3034825	1956	0	0	0	0	0	0	0	0	0	0	0	0	220
3034825	1957	0	0	0	0	0	0	0	0	0	0	0	0	220
3034825	1958	0	0	0	0	0	0	0	0	0	0	0	0	220
3034825	1959	0	0	0	0	0	0	0	0	0	0	0	0	220
3034825	1960	0	0	0	0	0	0	0	0	0	0	0	0	220
3034825	1961	1	0	1259	0	724	0	1	0	0	0	0	0	220
3034825	1962	0	0	0	0	0	0	0	0	0	0	0	0	220
3034825	1963	0	0	0	0	0	0	0	0	0	0	0	0	220
3034825	1964	0	0	0	0	0	0	0	0	0	0	0	0	220
3034825	1965	0	0	0	0	0	0	0	0	0	0	0	0	220
3034825	1966	0	0	0	0	0	0	0	0	0	0	0	0	220
3034825	1967	0	0	0	0	0	0	0	0	0	0	0	0	220
3034825	1968	0	0	0	0	0	0	0	0	0	0	0	0	220
3034825	1969	0	0	0	0	0	0	0	0	0	0	0	0	220
3034825	1970	0	0	0	0	0	0	0	0	0	0	0	0	220
3034825	1971	1	0	1259	0	724	0	1	0	1	0	0	0	220
3034825	1972	87	10722	109533	13498998	62988	7762728	84	84	16	5	16	5	220
3034825	1973	1	0	1259	0	724	0	1	0	0	0	0	0	220
3034825	1974	0	0	0	0	0	0	0	0	0	0	0	0	220
3034825	1975	1	0	1259	0	724	0	1	0	1	1	0	0	220
3034825	1976	0	0	0	0	0	0	0	0	0	0	0	0	220
3034825	1977	1	32	1259	40288	724	23168	1	1	0	0	0	0	220
3034825	1978	3	9	3777	11331	2172	6516	2	1	0	0	0	0	220
3034825	1979	3	87	3777	109533	2172	62988	3	2	1	0	1	0	220
3034825	1980	2	84	2518	105756	1448	60816	2	2	1	0	1	0	220
3034825	1981	19	2005	23921	2524295	13756	1451620	18	18	0	0	0	0	220
3034825	1982	6	424	7554	533816	4344	306976	6	5	4	3	3	3	220
3034825	1983	4	195	5036	245505	2896	141180	4	4	2	0	2	0	220
3034825	1984	5	389	6295	489751	3620	281636	5	3	3	1	2	1	220
3034825	1985	7	39	8813	49101	5068	28236	7	6	2	2	2	2	220
3034825	1986	17	1220	21403	1535980	12308	883280	17	9	1	1	0	0	220
3034825	1987	26	987	32734	1242633	18824	714588	25	14	5	2	3	1	220
3034825	1988	20	1211	25180	1524649	14480	876764	20	18	7	2	7	2	220
3034825	1989	25	1292	31475	1626628	18100	935408	24	22	11	6	9	5	220
3034825	1990	30	2863	37770	3604517	21720	2072812	28	28	5	2	5	2	220
3034825	1991	54	6109	67986	7691231	39096	4422916	49	48	12	1	11	0	220
3034825	1992	35	2450	44065	3084550	25340	1773800	31	30	4	1	3	0	220
3034825	1993	37	2770	46583	3487430	26788	2005480	35	33	16	4	15	3	220
3034825	1994	24	1963	30216	2471417	17376	1421212	23	21	11	1	10	1	220
3034825	1995	22	1053	27698	1325727	15928	762372	20	20	8	0	8	0	220
3034825	1996	40	2130	50360	2681670	28960	1542120	40	39	14	5	13	4	220
3034825	1997	50	4047	62950	5095173	36200	2930028	44	43	14	6	14	6	220
3034825	1998	60	4466	75540	5622694	43440	3233384	57	52	15	8	13	6	220
3034825	1999	65	4246	81835	5345714	47060	3074104	63	62	16	5	15	4	220
3034825	2000	82	4260	103238	5363340	59368	3084240	79	68	27	9	22	5	220
3034825	2001	103	5016	129677	6315144	74572	3631584	99	91	21	13	17	9	220
3034825	2002	109	6550	137231	8246450	78916	4742200	104	102	30	9	29	8	220
3034825	2003	61	3573	76799	4498407	44164	2586852	60	59	20	4	20	4	220
3034825	2004	79	5027	99461	6328993	57196	3639548	76	71	26	4	25	3	220
3034825	2005	68	2234	85612	2812606	49232	1617416	67	61	27	9	24	6	220
3034825	2006	66	1918	83094	2414762	47784	1388632	60	47	24	17	14	7	220
3034825	2007	64	2646	80576	3331314	46336	1915704	59	50	24	17	18	11	220
3034825	2008	281	2964	353779	3731676	203444	2145936	193	127	61	39	50	26	220
3034825	2009	238	6400	299642	8057600	172312	4633600	215	156	72	49	52	31	220
3034825	2010	801	5653	1008459	7117127	579924	4092772	552	253	223	173	102	54	220
3034825	2011	510	6965	642090	8768935	369240	5042660	404	245	139	104	82	50	220
3034825	2012	421	8812	530039	11094308	304804	6379888	355	269	126	68	98	41	220
3034825	2013	771	10517	970689	13240903	558204	7614308	608	409	157	99	107	51	220
3034825	2014	568	13153	715112	16559627	411232	9522772	427	320	171	101	126	56	220
3034825	2015	985	16132	1240115	20310188	713140	11679568	504	395	159	87	128	56	220
3034825	2016	657	17171	827163	21618289	475668	12431804	474	390	162	85	128	51	220
3034825	2017	649	28281	817091	35605779	469876	20475444	458	406	186	83	171	68	220
3034825	2018	479	19031	603061	23960029	346796	13778444	312	298	107	52	103	48	220
3034825	2019	499	6255	628241	7875045	361276	4528620	322	272	126	47	114	41	220
3034825	2020	0	0	0	0	0	0	0	0	0	0	0	0	220
3086784	2000	1	9	1	9	1	9	1	1	1	1	1	1	220
3086784	2001	0	0	0	0	0	0	0	0	0	0	0	0	220
3086784	2002	0	0	0	0	0	0	0	0	0	0	0	0	220
3086784	2003	0	0	0	0	0	0	0	0	0	0	0	0	220
3086784	2004	0	0	0	0	0	0	0	0	0	0	0	0	220
3086784	2005	0	0	0	0	0	0	0	0	0	0	0	0	220
3086784	2006	0	0	0	0	0	0	0	0	0	0	0	0	220
3086784	2007	0	0	0	0	0	0	0	0	0	0	0	0	220
3086784	2008	0	0	0	0	0	0	0	0	0	0	0	0	220
3086784	2009	0	0	0	0	0	0	0	0	0	0	0	0	220
3086784	2010	0	0	0	0	0	0	0	0	0	0	0	0	220
3086784	2011	0	0	0	0	0	0	0	0	0	0	0	0	220
3086784	2012	0	0	0	0	0	0	0	0	0	0	0	0	220
3086784	2013	2	18	2	18	2	18	1	1	0	0	0	0	220
3086784	2014	0	0	0	0	0	0	0	0	0	0	0	0	220
3086784	2015	0	0	0	0	0	0	0	0	0	0	0	0	220
3086784	2016	0	0	0	0	0	0	0	0	0	0	0	0	220
3086784	2017	0	0	0	0	0	0	0	0	0	0	0	0	220
3086784	2018	0	0	0	0	0	0	0	0	0	0	0	0	220
3086784	2019	0	0	0	0	0	0	0	0	0	0	0	0	220
3086784	2020	0	0	0	0	0	0	0	0	0	0	0	0	220
3129663	1986	1	0	70	0	46	0	1	0	1	1	0	0	220
3129663	1987	0	0	0	0	0	0	0	0	0	0	0	0	220
3129663	1988	0	0	0	0	0	0	0	0	0	0	0	0	220
3129663	1989	0	0	0	0	0	0	0	0	0	0	0	0	220
3129663	1990	0	0	0	0	0	0	0	0	0	0	0	0	220
3129663	1991	0	0	0	0	0	0	0	0	0	0	0	0	220
3129663	1992	0	0	0	0	0	0	0	0	0	0	0	0	220
3129663	1993	0	0	0	0	0	0	0	0	0	0	0	0	220
3129663	1994	0	0	0	0	0	0	0	0	0	0	0	0	220
3129663	1995	0	0	0	0	0	0	0	0	0	0	0	0	220
3129663	1996	0	0	0	0	0	0	0	0	0	0	0	0	220
3129663	1997	3	197	210	13790	138	9062	3	2	2	1	2	1	220
3129663	1998	0	0	0	0	0	0	0	0	0	0	0	0	220
3129663	1999	0	0	0	0	0	0	0	0	0	0	0	0	220
3129663	2000	5	452	350	31640	230	20792	5	5	5	4	5	4	220
3129663	2001	10	271	700	18970	460	12466	8	7	6	6	6	6	220
3129663	2002	3	36	210	2520	138	1656	3	3	2	2	2	2	220
3129663	2003	11	930	770	65100	506	42780	10	9	9	5	8	5	220
3129663	2004	2	64	140	4480	92	2944	2	2	2	2	2	2	220
3129663	2005	0	0	0	0	0	0	0	0	0	0	0	0	220
3129663	2006	10	124	700	8680	460	5704	8	7	4	5	3	4	220
3129663	2007	2	0	140	0	92	0	2	0	1	0	0	0	220
3129663	2008	17	2071	1190	144970	782	95266	14	13	10	7	9	6	220
3129663	2009	8	2015	560	141050	368	92690	7	6	4	4	3	3	220
3129663	2010	11	990	770	69300	506	45540	10	10	6	3	6	3	220
3129663	2011	8	187	560	13090	368	8602	5	5	4	4	4	4	220
3129663	2012	12	234	840	16380	552	10764	7	7	4	2	4	2	220
3129663	2013	14	389	980	27230	644	17894	4	4	4	4	4	4	220
3129663	2014	14	1382	980	96740	644	63572	9	9	4	4	4	4	220
3129663	2015	21	1141	1470	79870	966	52486	16	16	9	7	9	7	220
3129663	2016	26	1249	1820	87430	1196	57454	20	20	11	7	11	7	220
3129663	2017	29	2336	2030	163520	1334	107456	15	15	12	7	12	7	220
3129663	2018	39	1275	2730	89250	1794	58650	20	20	16	10	16	10	220
3129663	2019	42	1171	2940	81970	1932	53866	21	19	13	8	12	7	220
3129663	2020	0	0	0	0	0	0	0	0	0	0	0	0	220
3170247	1987	1	0	7	0	4	0	1	0	0	0	0	0	220
3170247	1988	0	0	0	0	0	0	0	0	0	0	0	0	220
3170247	1989	0	0	0	0	0	0	0	0	0	0	0	0	220
3170247	1990	0	0	0	0	0	0	0	0	0	0	0	0	220
3170247	1991	0	0	0	0	0	0	0	0	0	0	0	0	220
3170247	1992	0	0	0	0	0	0	0	0	0	0	0	0	220
3170247	1993	0	0	0	0	0	0	0	0	0	0	0	0	220
3170247	1994	0	0	0	0	0	0	0	0	0	0	0	0	220
3170247	1995	1	16	7	112	4	64	1	1	0	0	0	0	220
3170247	1996	0	0	0	0	0	0	0	0	0	0	0	0	220
3170247	1997	0	0	0	0	0	0	0	0	0	0	0	0	220
3170247	1998	0	0	0	0	0	0	0	0	0	0	0	0	220
3170247	1999	0	0	0	0	0	0	0	0	0	0	0	0	220
3170247	2000	0	0	0	0	0	0	0	0	0	0	0	0	220
3170247	2001	0	0	0	0	0	0	0	0	0	0	0	0	220
3170247	2002	0	0	0	0	0	0	0	0	0	0	0	0	220
3170247	2003	0	0	0	0	0	0	0	0	0	0	0	0	220
3170247	2004	0	0	0	0	0	0	0	0	0	0	0	0	220
3170247	2005	0	0	0	0	0	0	0	0	0	0	0	0	220
3170247	2006	0	0	0	0	0	0	0	0	0	0	0	0	220
3170247	2007	2	86	14	602	8	344	2	1	0	0	0	0	220
3170247	2008	0	0	0	0	0	0	0	0	0	0	0	0	220
3170247	2009	0	0	0	0	0	0	0	0	0	0	0	0	220
3170247	2010	0	0	0	0	0	0	0	0	0	0	0	0	220
3170247	2011	0	0	0	0	0	0	0	0	0	0	0	0	220
3170247	2012	1	74	7	518	4	296	1	1	0	0	0	0	220
3170247	2013	2	182	14	1274	8	728	2	2	0	0	0	0	220
3170247	2014	0	0	0	0	0	0	0	0	0	0	0	0	220
3170247	2015	2	9	14	63	8	36	2	1	1	1	0	0	220
3170247	2016	5	107	35	749	20	428	4	3	2	2	1	1	220
3170247	2017	6	26	42	182	24	104	4	4	1	1	1	1	220
3170247	2018	13	414	91	2898	52	1656	5	5	4	2	4	2	220
3170247	2019	3	35	21	245	12	140	3	3	3	0	3	0	220
3170247	2020	0	0	0	0	0	0	0	0	0	0	0	0	220
3190653	1972	5	451	700	63140	345	31119	5	5	2	2	2	2	220
3190653	1973	0	0	0	0	0	0	0	0	0	0	0	0	220
3190653	1974	0	0	0	0	0	0	0	0	0	0	0	0	220
3190653	1975	0	0	0	0	0	0	0	0	0	0	0	0	220
3190653	1976	0	0	0	0	0	0	0	0	0	0	0	0	220
3190653	1977	1	1	140	140	69	69	1	1	0	0	0	0	220
3190653	1978	0	0	0	0	0	0	0	0	0	0	0	0	220
3190653	1979	0	0	0	0	0	0	0	0	0	0	0	0	220
3190653	1980	0	0	0	0	0	0	0	0	0	0	0	0	220
3190653	1981	2	5	280	700	138	345	2	2	0	0	0	0	220
3190653	1982	0	0	0	0	0	0	0	0	0	0	0	0	220
3190653	1983	2	25	280	3500	138	1725	2	2	1	1	1	1	220
3190653	1984	2	44	280	6160	138	3036	2	2	2	1	2	1	220
3190653	1985	0	0	0	0	0	0	0	0	0	0	0	0	220
3190653	1986	3	160	420	22400	207	11040	3	3	1	1	1	1	220
3190653	1987	4	190	560	26600	276	13110	4	4	0	0	0	0	220
3190653	1988	1	32	140	4480	69	2208	1	1	0	0	0	0	220
3190653	1989	0	0	0	0	0	0	0	0	0	0	0	0	220
3190653	1990	0	0	0	0	0	0	0	0	0	0	0	0	220
3190653	1991	26	4201	3640	588140	1794	289869	25	25	6	0	6	0	220
3190653	1992	6	509	840	71260	414	35121	6	5	0	0	0	0	220
3190653	1993	10	566	1400	79240	690	39054	9	9	1	0	1	0	220
3190653	1994	11	968	1540	135520	759	66792	10	9	1	0	1	0	220
3190653	1995	5	360	700	50400	345	24840	5	5	0	1	0	1	220
3190653	1996	5	367	700	51380	345	25323	5	5	2	0	2	0	220
3190653	1997	8	503	1120	70420	552	34707	7	7	2	0	2	0	220
3190653	1998	30	2587	4200	362180	2070	178503	24	24	6	4	6	4	220
3190653	1999	9	634	1260	88760	621	43746	9	9	2	1	2	1	220
3190653	2000	12	203	1680	28420	828	14007	12	11	4	4	4	4	220
3190653	2001	33	639	4620	89460	2277	44091	32	30	2	2	2	2	220
3190653	2002	20	1008	2800	141120	1380	69552	19	19	1	1	1	1	220
3190653	2003	52	3365	7280	471100	3588	232185	49	49	8	1	8	1	220
3190653	2004	63	4043	8820	566020	4347	278967	54	54	6	0	6	0	220
3190653	2005	46	1329	6440	186060	3174	91701	38	38	5	1	5	1	220
3190653	2006	40	881	5600	123340	2760	60789	32	32	2	0	2	0	220
3190653	2007	13	911	1820	127540	897	62859	12	12	1	1	1	1	220
3190653	2008	47	905	6580	126700	3243	62445	43	39	7	5	7	5	220
3190653	2009	34	878	4760	122920	2346	60582	31	28	9	7	7	5	220
3190653	2010	39	1329	5460	186060	2691	91701	36	35	12	7	11	6	220
3190653	2011	84	3593	11760	503020	5796	247917	65	65	14	10	14	10	220
3190653	2012	41	2228	5740	311920	2829	153732	32	32	5	3	5	3	220
3190653	2013	35	1856	4900	259840	2415	128064	32	32	6	4	6	4	220
3190653	2014	71	3473	9940	486220	4899	239637	59	57	12	5	12	5	220
3190653	2015	67	3385	9380	473900	4623	233565	57	57	11	6	11	6	220
3190653	2016	65	3298	9100	461720	4485	227562	55	54	9	7	9	7	220
3190653	2017	83	7298	11620	1021720	5727	503562	61	60	17	12	17	12	220
3190653	2018	105	6361	14700	890540	7245	438909	90	86	28	17	24	13	220
3190653	2019	192	4083	26880	571620	13248	281727	118	116	21	9	21	9	220
3190653	2020	0	0	0	0	0	0	0	0	0	0	0	0	220
4264680	1952	1	0	165	0	141	0	1	0	0	0	0	0	359
4264680	1953	0	0	0	0	0	0	0	0	0	0	0	0	359
4264680	1954	0	0	0	0	0	0	0	0	0	0	0	0	359
4264680	1955	1	0	165	0	141	0	1	0	0	0	0	0	359
4264680	1956	0	0	0	0	0	0	0	0	0	0	0	0	359
4264680	1957	0	0	0	0	0	0	0	0	0	0	0	0	359
4264680	1958	0	0	0	0	0	0	0	0	0	0	0	0	359
4264680	1959	0	0	0	0	0	0	0	0	0	0	0	0	359
4264680	1960	0	0	0	0	0	0	0	0	0	0	0	0	359
4264680	1961	0	0	0	0	0	0	0	0	0	0	0	0	359
4264680	1962	1	0	165	0	141	0	1	0	1	0	0	0	359
4264680	1963	0	0	0	0	0	0	0	0	0	0	0	0	359
4264680	1964	0	0	0	0	0	0	0	0	0	0	0	0	359
4264680	1965	0	0	0	0	0	0	0	0	0	0	0	0	359
4264680	1966	0	0	0	0	0	0	0	0	0	0	0	0	359
4264680	1967	0	0	0	0	0	0	0	0	0	0	0	0	359
4264680	1968	0	0	0	0	0	0	0	0	0	0	0	0	359
4264680	1969	0	0	0	0	0	0	0	0	0	0	0	0	359
4264680	1970	0	0	0	0	0	0	0	0	0	0	0	0	359
4264680	1971	0	0	0	0	0	0	0	0	0	0	0	0	359
4264680	1972	0	0	0	0	0	0	0	0	0	0	0	0	359
4264680	1973	0	0	0	0	0	0	0	0	0	0	0	0	359
4264680	1974	0	0	0	0	0	0	0	0	0	0	0	0	359
4264680	1975	0	0	0	0	0	0	0	0	0	0	0	0	359
4264680	1976	0	0	0	0	0	0	0	0	0	0	0	0	359
4264680	1977	0	0	0	0	0	0	0	0	0	0	0	0	359
4264680	1978	0	0	0	0	0	0	0	0	0	0	0	0	359
4264680	1979	0	0	0	0	0	0	0	0	0	0	0	0	359
4264680	1980	0	0	0	0	0	0	0	0	0	0	0	0	359
4264680	1981	0	0	0	0	0	0	0	0	0	0	0	0	359
4264680	1982	0	0	0	0	0	0	0	0	0	0	0	0	359
4264680	1983	1	0	165	0	141	0	1	0	1	0	0	0	359
4264680	1984	0	0	0	0	0	0	0	0	0	0	0	0	359
4264680	1985	0	0	0	0	0	0	0	0	0	0	0	0	359
4264680	1986	0	0	0	0	0	0	0	0	0	0	0	0	359
4264680	1987	1	0	165	0	141	0	1	0	0	0	0	0	359
4264680	1988	0	0	0	0	0	0	0	0	0	0	0	0	359
4264680	1989	0	0	0	0	0	0	0	0	0	0	0	0	359
4264680	1990	0	0	0	0	0	0	0	0	0	0	0	0	359
4264680	1991	0	0	0	0	0	0	0	0	0	0	0	0	359
4264680	1992	0	0	0	0	0	0	0	0	0	0	0	0	359
4264680	1993	0	0	0	0	0	0	0	0	0	0	0	0	359
4264680	1994	1	0	165	0	141	0	1	0	0	0	0	0	359
4264680	1995	14	27	2310	4455	1974	3807	14	13	9	5	8	5	359
4264680	1996	0	0	0	0	0	0	0	0	0	0	0	0	359
4264680	1997	2	0	330	0	282	0	2	0	1	0	0	0	359
4264680	1998	2	3	330	495	282	423	2	1	2	2	1	1	359
4264680	1999	1	1	165	165	141	141	1	1	1	1	1	1	359
4264680	2000	0	0	0	0	0	0	0	0	0	0	0	0	359
4264680	2001	1	0	165	0	141	0	1	0	1	1	0	0	359
4264680	2002	2	0	330	0	282	0	2	0	2	2	0	0	359
4264680	2003	2	2	330	330	282	282	2	2	2	1	2	1	359
4264680	2004	6	0	990	0	846	0	5	0	2	2	0	0	359
4264680	2005	1	0	165	0	141	0	1	0	1	1	0	0	359
4264680	2006	0	0	0	0	0	0	0	0	0	0	0	0	359
4264680	2007	3	0	495	0	423	0	3	0	1	0	0	0	359
4264680	2008	7	7	1155	1155	987	987	5	1	5	2	1	1	359
4264680	2009	8	2	1320	330	1128	282	7	1	7	2	1	0	359
4264680	2010	10	0	1650	0	1410	0	10	0	7	7	0	0	359
4264680	2011	5	9	825	1485	705	1269	4	2	3	3	2	2	359
4264680	2012	13	0	2145	0	1833	0	11	0	7	7	0	0	359
4264680	2013	17	13	2805	2145	2397	1833	10	1	6	6	1	1	359
4264680	2014	39	68	6435	11220	5499	9588	23	8	18	14	8	6	359
4264680	2015	64	14	10560	2310	9024	1974	33	7	24	18	5	4	359
4264680	2016	68	11	11220	1815	9588	1551	29	5	20	16	4	3	359
4264680	2017	88	16	14520	2640	12408	2256	45	7	32	30	6	6	359
4264680	2018	108	30	17820	4950	15228	4230	66	15	50	50	13	13	359
4264680	2019	34	23	5610	3795	4794	3243	24	9	19	19	7	7	359
4264680	2020	0	0	0	0	0	0	0	0	0	0	0	0	359
5218786	1986	1	0	1069	0	1051	0	1	0	0	0	0	0	359
5218786	1987	0	0	0	0	0	0	0	0	0	0	0	0	359
5218786	1988	0	0	0	0	0	0	0	0	0	0	0	0	359
5218786	1989	0	0	0	0	0	0	0	0	0	0	0	0	359
5218786	1990	0	0	0	0	0	0	0	0	0	0	0	0	359
5218786	1991	0	0	0	0	0	0	0	0	0	0	0	0	359
5218786	1992	0	0	0	0	0	0	0	0	0	0	0	0	359
5218786	1993	2	0	2138	0	2102	0	2	0	1	0	0	0	359
5218786	1994	0	0	0	0	0	0	0	0	0	0	0	0	359
5218786	1995	3	0	3207	0	3153	0	3	0	0	0	0	0	359
5218786	1996	1	0	1069	0	1051	0	1	0	0	0	0	0	359
5218786	1997	0	0	0	0	0	0	0	0	0	0	0	0	359
5218786	1998	0	0	0	0	0	0	0	0	0	0	0	0	359
5218786	1999	0	0	0	0	0	0	0	0	0	0	0	0	359
5218786	2000	1	0	1069	0	1051	0	1	0	0	0	0	0	359
5218786	2001	1	0	1069	0	1051	0	1	0	0	0	0	0	359
5218786	2002	2	0	2138	0	2102	0	2	0	0	0	0	0	359
5218786	2003	0	0	0	0	0	0	0	0	0	0	0	0	359
5218786	2004	0	0	0	0	0	0	0	0	0	0	0	0	359
5218786	2005	0	0	0	0	0	0	0	0	0	0	0	0	359
5218786	2006	2	0	2138	0	2102	0	2	0	1	1	0	0	359
5218786	2007	5	0	5345	0	5255	0	5	0	3	3	0	0	359
5218786	2008	32	2	34208	2138	33632	2102	31	2	28	28	2	2	359
5218786	2009	52	3	55588	3207	54652	3153	47	3	41	41	2	2	359
5218786	2010	70	4	74830	4276	73570	4204	63	4	47	47	4	4	359
5218786	2011	67	1	71623	1069	70417	1051	62	1	47	47	1	1	359
5218786	2012	208	32	222352	34208	218608	33632	136	7	97	96	4	4	359
5218786	2013	210	19	224490	20311	220710	19969	157	14	107	106	8	8	359
5218786	2014	251	12	268319	12828	263801	12612	191	9	132	132	6	6	359
5218786	2015	288	34	307872	36346	302688	35734	235	20	159	156	11	10	359
5218786	2016	406	93	434014	99417	426706	97743	293	28	224	221	24	23	359
5218786	2017	408	69	436152	73761	428808	72519	301	42	226	220	33	30	359
5218786	2018	551	65	589019	69485	579101	68315	411	35	289	289	24	24	359
5218786	2019	180	235	192420	251215	189180	246985	160	14	99	94	11	7	359
5218786	2020	0	0	0	0	0	0	0	0	0	0	0	0	359
5219681	1998	1	1	2	2	2	2	1	1	0	0	0	0	359
5219681	1999	0	0	0	0	0	0	0	0	0	0	0	0	359
5219681	2000	0	0	0	0	0	0	0	0	0	0	0	0	359
5219681	2001	0	0	0	0	0	0	0	0	0	0	0	0	359
5219681	2002	2	1	4	2	4	2	2	1	0	0	0	0	359
5219681	2003	0	0	0	0	0	0	0	0	0	0	0	0	359
5219681	2004	0	0	0	0	0	0	0	0	0	0	0	0	359
5219681	2005	0	0	0	0	0	0	0	0	0	0	0	0	359
5219681	2006	0	0	0	0	0	0	0	0	0	0	0	0	359
5219681	2007	0	0	0	0	0	0	0	0	0	0	0	0	359
5219681	2008	0	0	0	0	0	0	0	0	0	0	0	0	359
5219681	2009	0	0	0	0	0	0	0	0	0	0	0	0	359
5219681	2010	0	0	0	0	0	0	0	0	0	0	0	0	359
5219681	2011	2	1	4	2	4	2	2	1	1	0	0	0	359
5219681	2012	0	0	0	0	0	0	0	0	0	0	0	0	359
5219681	2013	0	0	0	0	0	0	0	0	0	0	0	0	359
5219681	2014	1	0	2	0	2	0	1	0	0	0	0	0	359
5219681	2015	4	4	8	8	8	8	4	2	0	2	0	2	359
5219681	2016	0	0	0	0	0	0	0	0	0	0	0	0	359
5219681	2017	2	0	4	0	4	0	2	0	1	0	0	0	359
5219681	2018	5	1	10	2	10	2	5	1	0	0	0	0	359
5219681	2019	2	1	4	2	4	2	2	1	0	0	0	0	359
5219681	2020	0	0	0	0	0	0	0	0	0	0	0	0	359
5219683	2014	2	0	4	0	2	0	1	0	1	1	0	0	359
5219683	2015	4	0	8	0	4	0	1	0	1	1	0	0	359
5219683	2016	0	0	0	0	0	0	0	0	0	0	0	0	359
5219683	2017	2	0	4	0	2	0	2	0	1	0	0	0	359
5219683	2018	1	0	2	0	1	0	1	0	0	0	0	0	359
5219683	2019	1	0	2	0	1	0	1	0	0	0	0	0	359
5219683	2020	0	0	0	0	0	0	0	0	0	0	0	0	359
5219858	1952	2	0	1608	0	1438	0	2	0	2	0	0	0	359
5219858	1953	0	0	0	0	0	0	0	0	0	0	0	0	359
5219858	1954	0	0	0	0	0	0	0	0	0	0	0	0	359
5219858	1955	1	0	804	0	719	0	1	0	0	0	0	0	359
5219858	1956	0	0	0	0	0	0	0	0	0	0	0	0	359
5219858	1957	0	0	0	0	0	0	0	0	0	0	0	0	359
5219858	1958	0	0	0	0	0	0	0	0	0	0	0	0	359
5219858	1959	0	0	0	0	0	0	0	0	0	0	0	0	359
5219858	1960	7	2	5628	1608	5033	1438	5	2	1	1	0	0	359
5219858	1961	1	0	804	0	719	0	1	0	0	0	0	0	359
5219858	1962	0	0	0	0	0	0	0	0	0	0	0	0	359
5219858	1963	2	0	1608	0	1438	0	2	0	1	1	0	0	359
5219858	1964	4	0	3216	0	2876	0	4	0	2	2	0	0	359
5219858	1965	0	0	0	0	0	0	0	0	0	0	0	0	359
5219858	1966	0	0	0	0	0	0	0	0	0	0	0	0	359
5219858	1967	1	0	804	0	719	0	1	0	0	0	0	0	359
5219858	1968	0	0	0	0	0	0	0	0	0	0	0	0	359
5219858	1969	2	0	1608	0	1438	0	2	0	1	0	0	0	359
5219858	1970	0	0	0	0	0	0	0	0	0	0	0	0	359
5219858	1971	1	0	804	0	719	0	1	0	0	0	0	0	359
5219858	1972	2	0	1608	0	1438	0	1	0	1	0	0	0	359
5219858	1973	1	0	804	0	719	0	1	0	0	0	0	0	359
5219858	1974	1	0	804	0	719	0	1	0	1	0	0	0	359
5219858	1975	6	2	4824	1608	4314	1438	5	2	4	2	1	0	359
5219858	1976	1	0	804	0	719	0	1	0	0	0	0	0	359
5219858	1977	0	0	0	0	0	0	0	0	0	0	0	0	359
5219858	1978	1	0	804	0	719	0	1	0	1	1	0	0	359
5219858	1979	1	0	804	0	719	0	1	0	1	1	0	0	359
5219858	1980	4	0	3216	0	2876	0	2	0	2	1	0	0	359
5219858	1981	10	3	8040	2412	7190	2157	10	2	3	2	0	0	359
5219858	1982	21	16	16884	12864	15099	11504	19	8	6	3	2	0	359
5219858	1983	10	3	8040	2412	7190	2157	9	1	2	4	0	0	359
5219858	1984	128	52	102912	41808	92032	37388	78	8	31	30	2	1	359
5219858	1985	19	2	15276	1608	13661	1438	14	2	3	7	1	2	359
5219858	1986	23	2	18492	1608	16537	1438	22	2	5	2	0	1	359
5219858	1987	13	0	10452	0	9347	0	13	0	4	4	0	0	359
5219858	1988	20	1	16080	804	14380	719	19	1	7	10	0	1	359
5219858	1989	20	2	16080	1608	14380	1438	18	2	12	8	1	1	359
5219858	1990	30	10	24120	8040	21570	7190	22	6	10	5	4	0	359
5219858	1991	28	1	22512	804	20132	719	22	1	1	3	0	0	359
5219858	1992	134	11	107736	8844	96346	7909	27	10	6	14	1	5	359
5219858	1993	133	13	106932	10452	95627	9347	34	9	11	9	2	1	359
5219858	1994	155	15	124620	12060	111445	10785	38	12	12	11	2	2	359
5219858	1995	294	113	236376	90852	211386	81247	171	66	77	44	28	17	359
5219858	1996	210	49	168840	39396	150990	35231	100	29	39	31	10	13	359
5219858	1997	179	31	143916	24924	128701	22289	61	14	19	18	6	5	359
5219858	1998	165	70	132660	56280	118635	50330	67	20	32	21	12	8	359
5219858	1999	87	23	69948	18492	62553	16537	39	13	21	16	6	4	359
5219858	2000	72	9	57888	7236	51768	6471	30	6	13	15	0	1	359
5219858	2001	88	10	70752	8040	63272	7190	52	9	17	9	3	2	359
5219858	2002	36	18	28944	14472	25884	12942	32	6	8	4	1	0	359
5219858	2003	6	1	4824	804	4314	719	6	1	3	3	0	0	359
5219858	2004	2	1	1608	804	1438	719	2	1	1	0	1	0	359
5219858	2005	3	1	2412	804	2157	719	2	1	0	0	0	0	359
5219858	2006	4	0	3216	0	2876	0	4	0	2	3	0	0	359
5219858	2007	7	4	5628	3216	5033	2876	6	1	2	2	0	0	359
5219858	2008	87	23	69948	18492	62553	16537	76	8	57	52	6	6	359
5219858	2009	178	92	143112	73968	127982	66148	112	25	69	70	18	18	359
5219858	2010	160	46	128640	36984	115040	33074	121	27	73	74	15	15	359
5219858	2011	184	33	147936	26532	132296	23727	122	20	76	75	14	14	359
5219858	2012	161	70	129444	56280	115759	50330	110	30	69	67	17	17	359
5219858	2013	176	58	141504	46632	126544	41702	96	28	64	64	22	22	359
5219858	2014	232	80	186528	64320	166808	57520	106	21	62	63	16	16	359
5219858	2015	308	121	247632	97284	221452	86999	160	33	104	103	23	24	359
5219858	2016	292	135	234768	108540	209948	97065	157	39	95	95	28	27	359
5219858	2017	260	82	209040	65928	186940	58958	143	35	83	84	24	23	359
5219858	2018	247	153	198588	123012	177593	110007	159	41	77	85	27	27	359
5219858	2019	136	271	109344	217884	97784	194849	87	22	44	42	13	12	359
5219858	2020	0	0	0	0	0	0	0	0	0	0	0	0	359
5274861	2016	1	0	1	0	0	0	1	0	1	0	0	0	7228684
5274861	2017	0	0	0	0	0	0	0	0	0	0	0	0	7228684
5274861	2018	0	0	0	0	0	0	0	0	0	0	0	0	7228684
5274861	2019	0	0	0	0	0	0	0	0	0	0	0	0	7228684
5274861	2020	0	0	0	0	0	0	0	0	0	0	0	0	7228684
5329212	1940	26	133	15626	79933	9750	49875	26	25	12	8	12	8	196
5329212	1941	0	0	0	0	0	0	0	0	0	0	0	0	196
5329212	1942	0	0	0	0	0	0	0	0	0	0	0	0	196
5329212	1943	0	0	0	0	0	0	0	0	0	0	0	0	196
5329212	1944	0	0	0	0	0	0	0	0	0	0	0	0	196
5329212	1945	0	0	0	0	0	0	0	0	0	0	0	0	196
5329212	1946	0	0	0	0	0	0	0	0	0	0	0	0	196
5329212	1947	0	0	0	0	0	0	0	0	0	0	0	0	196
5329212	1948	0	0	0	0	0	0	0	0	0	0	0	0	196
5329212	1949	0	0	0	0	0	0	0	0	0	0	0	0	196
5329212	1950	0	0	0	0	0	0	0	0	0	0	0	0	196
5329212	1951	1	11	601	6611	375	4125	1	1	0	0	0	0	196
5329212	1952	0	0	0	0	0	0	0	0	0	0	0	0	196
5329212	1953	0	0	0	0	0	0	0	0	0	0	0	0	196
5329212	1954	0	0	0	0	0	0	0	0	0	0	0	0	196
5329212	1955	1	0	601	0	375	0	1	0	0	0	0	0	196
5329212	1956	0	0	0	0	0	0	0	0	0	0	0	0	196
5329212	1957	0	0	0	0	0	0	0	0	0	0	0	0	196
5329212	1958	0	0	0	0	0	0	0	0	0	0	0	0	196
5329212	1959	1	0	601	0	375	0	1	0	1	1	0	0	196
5329212	1960	0	0	0	0	0	0	0	0	0	0	0	0	196
5329212	1961	0	0	0	0	0	0	0	0	0	0	0	0	196
5329212	1962	0	0	0	0	0	0	0	0	0	0	0	0	196
5329212	1963	0	0	0	0	0	0	0	0	0	0	0	0	196
5329212	1964	0	0	0	0	0	0	0	0	0	0	0	0	196
5329212	1965	0	0	0	0	0	0	0	0	0	0	0	0	196
5329212	1966	5	17	3005	10217	1875	6375	4	2	3	1	2	0	196
5329212	1967	6	0	3606	0	2250	0	5	0	2	2	0	0	196
5329212	1968	4	31	2404	18631	1500	11625	4	2	4	0	2	0	196
5329212	1969	2	7	1202	4207	750	2625	2	1	0	1	0	0	196
5329212	1970	0	0	0	0	0	0	0	0	0	0	0	0	196
5329212	1971	7	85	4207	51085	2625	31875	7	6	3	2	3	2	196
5329212	1972	65	1784	39065	1072184	24375	669000	63	62	27	20	27	20	196
5329212	1973	21	224	12621	134624	7875	84000	17	16	7	2	7	2	196
5329212	1974	32	631	19232	379231	12000	236625	30	27	14	2	13	2	196
5329212	1975	37	600	22237	360600	13875	225000	34	31	15	7	13	7	196
5329212	1976	43	382	25843	229582	16125	143250	35	30	16	4	13	2	196
5329212	1977	20	247	12020	148447	7500	92625	19	15	12	4	10	3	196
5329212	1978	23	408	13823	245208	8625	153000	22	22	13	1	13	1	196
5329212	1979	24	508	14424	305308	9000	190500	23	23	13	7	13	7	196
5329212	1980	26	375	15626	225375	9750	140625	23	20	10	9	9	7	196
5329212	1981	11	84	6611	50484	4125	31500	10	7	4	2	2	0	196
5329212	1982	22	376	13222	225976	8250	141000	19	18	10	2	10	2	196
5329212	1983	26	290	15626	174290	9750	108750	23	20	13	8	13	8	196
5329212	1984	24	267	14424	160467	9000	100125	24	19	10	6	9	5	196
5329212	1985	31	1017	18631	611217	11625	381375	29	24	14	9	12	7	196
5329212	1986	15	234	9015	140634	5625	87750	13	12	6	5	5	4	196
5329212	1987	19	213	11419	128013	7125	79875	17	14	11	9	9	7	196
5329212	1988	26	446	15626	268046	9750	167250	25	23	9	9	8	8	196
5329212	1989	43	293	25843	176093	16125	109875	39	27	18	9	10	5	196
5329212	1990	81	557	48681	334757	30375	208875	69	56	41	9	35	7	196
5329212	1991	21	478	12621	287278	7875	179250	19	19	11	7	11	7	196
5329212	1992	18	191	10818	114791	6750	71625	18	16	7	7	5	5	196
5329212	1993	21	203	12621	122003	7875	76125	18	18	9	3	9	3	196
5329212	1994	25	293	15025	176093	9375	109875	25	19	15	6	11	3	196
5329212	1995	7	95	4207	57095	2625	35625	7	6	1	1	1	1	196
5329212	1996	37	450	22237	270450	13875	168750	35	32	23	9	22	8	196
5329212	1997	11	254	6611	152654	4125	95250	11	11	4	1	4	1	196
5329212	1998	66	802	39666	482002	24750	300750	55	53	21	13	20	13	196
5329212	1999	56	838	33656	503638	21000	314250	51	41	20	11	15	8	196
5329212	2000	16	179	9616	107579	6000	67125	15	12	7	4	5	4	196
5329212	2001	26	333	15626	200133	9750	124875	24	18	13	7	10	5	196
5329212	2002	14	234	8414	140634	5250	87750	12	12	7	3	7	3	196
5329212	2003	24	248	14424	149048	9000	93000	24	17	8	4	8	4	196
5329212	2004	28	282	16828	169482	10500	105750	27	22	10	3	9	2	196
5329212	2005	13	121	7813	72721	4875	45375	13	10	11	5	8	2	196
5329212	2006	13	31	7813	18631	4875	11625	13	5	10	9	4	4	196
5329212	2007	11	152	6611	91352	4125	57000	9	8	7	4	6	3	196
5329212	2008	22	130	13222	78130	8250	48750	22	14	10	8	5	4	196
5329212	2009	26	132	15626	79332	9750	49500	24	18	21	15	15	9	196
5329212	2010	37	176	22237	105776	13875	66000	34	21	21	18	12	9	196
5329212	2011	60	172	36060	103372	22500	64500	43	26	32	23	19	10	196
5329212	2012	39	287	23439	172487	14625	107625	36	28	17	13	13	10	196
5329212	2013	44	323	26444	194123	16500	121125	38	27	26	14	21	10	196
5329212	2014	67	433	40267	260233	25125	162375	56	42	35	26	28	20	196
5329212	2015	89	2132	53489	1281332	33375	799500	67	60	43	31	38	26	196
5329212	2016	108	1015	64908	610015	40500	380625	69	62	57	25	51	21	196
5329212	2017	147	11456	88347	6885056	55125	4296000	105	83	85	62	67	45	196
5329212	2018	109	2271	65509	1364871	40875	851625	73	67	44	30	42	27	196
5329212	2019	90	170	54090	102170	33750	63750	58	37	35	15	22	6	196
5329212	2020	0	0	0	0	0	0	0	0	0	0	0	0	196
5361762	1999	1	30	23	690	4	120	1	1	1	0	1	0	220
5361762	2000	0	0	0	0	0	0	0	0	0	0	0	0	220
5361762	2001	0	0	0	0	0	0	0	0	0	0	0	0	220
5361762	2002	0	0	0	0	0	0	0	0	0	0	0	0	220
5361762	2003	0	0	0	0	0	0	0	0	0	0	0	0	220
5361762	2004	0	0	0	0	0	0	0	0	0	0	0	0	220
5361762	2005	0	0	0	0	0	0	0	0	0	0	0	0	220
5361762	2006	5	0	115	0	20	0	2	0	0	0	0	0	220
5361762	2007	18	122	414	2806	72	488	16	7	3	1	3	1	220
5361762	2008	0	0	0	0	0	0	0	0	0	0	0	0	220
5361762	2009	0	0	0	0	0	0	0	0	0	0	0	0	220
5361762	2010	2	112	46	2576	8	448	2	2	2	0	2	0	220
5361762	2011	0	0	0	0	0	0	0	0	0	0	0	0	220
5361762	2012	10	56	230	1288	40	224	5	5	1	0	1	0	220
5361762	2013	3	50	69	1150	12	200	3	3	1	0	1	0	220
5361762	2014	2	33	46	759	8	132	2	2	1	0	1	0	220
5361762	2015	5	171	115	3933	20	684	4	4	2	0	2	0	220
5361762	2016	11	333	253	7659	44	1332	10	10	2	0	2	0	220
5361762	2017	17	317	391	7291	68	1268	15	15	3	1	3	1	220
5361762	2018	12	430	276	9890	48	1720	10	10	8	1	8	1	220
5361762	2019	16	255	368	5865	64	1020	11	11	6	2	6	2	220
5361762	2020	0	0	0	0	0	0	0	0	0	0	0	0	220
5361785	1972	3	378	816	102816	348	43848	3	3	0	0	0	0	220
5361785	1973	0	0	0	0	0	0	0	0	0	0	0	0	220
5361785	1974	0	0	0	0	0	0	0	0	0	0	0	0	220
5361785	1975	0	0	0	0	0	0	0	0	0	0	0	0	220
5361785	1976	0	0	0	0	0	0	0	0	0	0	0	0	220
5361785	1977	0	0	0	0	0	0	0	0	0	0	0	0	220
5361785	1978	0	0	0	0	0	0	0	0	0	0	0	0	220
5361785	1979	0	0	0	0	0	0	0	0	0	0	0	0	220
5361785	1980	0	0	0	0	0	0	0	0	0	0	0	0	220
5361785	1981	0	0	0	0	0	0	0	0	0	0	0	0	220
5361785	1982	0	0	0	0	0	0	0	0	0	0	0	0	220
5361785	1983	0	0	0	0	0	0	0	0	0	0	0	0	220
5361785	1984	0	0	0	0	0	0	0	0	0	0	0	0	220
5361785	1985	0	0	0	0	0	0	0	0	0	0	0	0	220
5361785	1986	0	0	0	0	0	0	0	0	0	0	0	0	220
5361785	1987	1	0	272	0	116	0	1	0	0	0	0	0	220
5361785	1988	0	0	0	0	0	0	0	0	0	0	0	0	220
5361785	1989	0	0	0	0	0	0	0	0	0	0	0	0	220
5361785	1990	1	0	272	0	116	0	1	0	0	0	0	0	220
5361785	1991	0	0	0	0	0	0	0	0	0	0	0	0	220
5361785	1992	0	0	0	0	0	0	0	0	0	0	0	0	220
5361785	1993	2	3	544	816	232	348	2	1	1	1	0	0	220
5361785	1994	0	0	0	0	0	0	0	0	0	0	0	0	220
5361785	1995	6	59	1632	16048	696	6844	6	3	3	1	1	1	220
5361785	1996	4	3359	1088	913648	464	389644	4	2	2	1	1	1	220
5361785	1997	0	0	0	0	0	0	0	0	0	0	0	0	220
5361785	1998	1	0	272	0	116	0	1	0	0	0	0	0	220
5361785	1999	13	195	3536	53040	1508	22620	13	6	4	0	3	0	220
5361785	2000	6	213	1632	57936	696	24708	4	3	3	0	3	0	220
5361785	2001	3	115	816	31280	348	13340	3	3	0	0	0	0	220
5361785	2002	5	198	1360	53856	580	22968	5	4	2	0	1	0	220
5361785	2003	4	3	1088	816	464	348	4	1	0	1	0	1	220
5361785	2004	20	29	5440	7888	2320	3364	18	9	9	2	3	2	220
5361785	2005	162	758	44064	206176	18792	87928	111	54	47	5	29	2	220
5361785	2006	94	397	25568	107984	10904	46052	83	33	32	4	20	2	220
5361785	2007	82	1253	22304	340816	9512	145348	69	51	32	11	22	9	220
5361785	2008	34	386	9248	104992	3944	44776	31	22	11	5	11	4	220
5361785	2009	28	220	7616	59840	3248	25520	24	17	13	7	9	3	220
5361785	2010	24	568	6528	154496	2784	65888	24	23	13	5	12	4	220
5361785	2011	37	859	10064	233648	4292	99644	35	33	17	9	16	8	220
5361785	2012	47	1054	12784	286688	5452	122264	42	40	20	14	19	13	220
5361785	2013	62	758	16864	206176	7192	87928	43	38	26	14	23	11	220
5361785	2014	85	1216	23120	330752	9860	141056	64	57	35	17	32	13	220
5361785	2015	190	5341	51680	1452752	22040	619556	78	71	41	19	37	17	220
5361785	2016	110	2971	29920	808112	12760	344636	66	60	40	19	38	15	220
5361785	2017	91	8482	24752	2307104	10556	983912	65	62	47	26	44	23	220
5361785	2018	76	4084	20672	1110848	8816	473744	51	49	30	16	30	16	220
5361785	2019	102	899	27744	244528	11832	104284	61	55	30	10	29	9	220
5361785	2020	0	0	0	0	0	0	0	0	0	0	0	0	220
5420991	1995	1	0	3	0	5	0	1	0	0	0	0	0	220
5420991	1996	0	0	0	0	0	0	0	0	0	0	0	0	220
5420991	1997	0	0	0	0	0	0	0	0	0	0	0	0	220
5420991	1998	0	0	0	0	0	0	0	0	0	0	0	0	220
5420991	1999	0	0	0	0	0	0	0	0	0	0	0	0	220
5420991	2000	0	0	0	0	0	0	0	0	0	0	0	0	220
5420991	2001	0	0	0	0	0	0	0	0	0	0	0	0	220
5420991	2002	1	13	3	39	5	65	1	1	1	1	1	1	220
5420991	2003	1	14	3	42	5	70	1	1	1	1	1	1	220
5420991	2004	0	0	0	0	0	0	0	0	0	0	0	0	220
5420991	2005	0	0	0	0	0	0	0	0	0	0	0	0	220
5420991	2006	1	0	3	0	5	0	1	0	0	0	0	0	220
5420991	2007	0	0	0	0	0	0	0	0	0	0	0	0	220
5420991	2008	2	1	6	3	10	5	2	1	0	0	0	0	220
5420991	2009	0	0	0	0	0	0	0	0	0	0	0	0	220
5420991	2010	0	0	0	0	0	0	0	0	0	0	0	0	220
5420991	2011	2	0	6	0	10	0	2	0	0	0	0	0	220
5420991	2012	0	0	0	0	0	0	0	0	0	0	0	0	220
5420991	2013	6	94	18	282	30	470	3	3	1	0	1	0	220
5420991	2014	9	141	27	423	45	705	3	3	0	1	0	1	220
5420991	2015	9	142	27	426	45	710	4	4	0	2	0	2	220
5420991	2016	9	507	27	1521	45	2535	6	6	0	2	0	2	220
5420991	2017	23	1178	69	3534	115	5890	4	4	0	2	0	2	220
5420991	2018	4	579	12	1737	20	2895	3	3	0	2	0	2	220
5420991	2019	17	45	51	135	85	225	4	3	1	3	0	3	220
5420991	2020	0	0	0	0	0	0	0	0	0	0	0	0	220
5421039	1995	3	0	438	0	267	0	3	0	0	1	0	0	220
5421039	1996	1	0	146	0	89	0	1	0	0	0	0	0	220
5421039	1997	0	0	0	0	0	0	0	0	0	0	0	0	220
5421039	1998	3	17	438	2482	267	1513	2	2	1	2	1	2	220
5421039	1999	1	0	146	0	89	0	1	0	0	0	0	0	220
5421039	2000	2	10	292	1460	178	890	2	2	1	0	1	0	220
5421039	2001	14	691	2044	100886	1246	61499	12	9	2	2	2	2	220
5421039	2002	9	232	1314	33872	801	20648	8	6	6	5	5	5	220
5421039	2003	8	34	1168	4964	712	3026	5	4	4	4	3	3	220
5421039	2004	17	217	2482	31682	1513	19313	16	14	6	3	5	2	220
5421039	2005	32	146	4672	21316	2848	12994	28	20	19	5	16	4	220
5421039	2006	20	61	2920	8906	1780	5429	18	7	7	2	3	1	220
5421039	2007	17	279	2482	40734	1513	24831	17	11	10	4	8	4	220
5421039	2008	19	165	2774	24090	1691	14685	19	12	8	1	6	1	220
5421039	2009	27	367	3942	53582	2403	32663	25	22	14	13	11	10	220
5421039	2010	19	377	2774	55042	1691	33553	19	19	10	8	10	8	220
5421039	2011	31	150	4526	21900	2759	13350	25	23	13	9	12	9	220
5421039	2012	47	461	6862	67306	4183	41029	29	28	9	7	9	7	220
5421039	2013	33	1229	4818	179434	2937	109381	29	26	14	11	12	9	220
5421039	2014	47	829	6862	121034	4183	73781	34	29	15	14	13	13	220
5421039	2015	53	2427	7738	354342	4717	216003	33	28	18	13	15	12	220
5421039	2016	74	1564	10804	228344	6586	139196	39	34	22	16	20	14	220
5421039	2017	87	3489	12702	509394	7743	310521	51	46	29	25	26	22	220
5421039	2018	67	2038	9782	297548	5963	181382	42	41	32	19	31	18	220
5421039	2019	180	910	26280	132860	16020	80990	52	45	27	28	25	24	220
5421039	2020	0	0	0	0	0	0	0	0	0	0	0	0	220
7978544	1998	16	77	3216	15477	1856	8932	13	4	3	0	1	0	220
7978544	1999	6	98	1206	19698	696	11368	6	3	2	0	2	0	220
7978544	2000	22	161	4422	32361	2552	18676	17	8	9	6	6	5	220
7978544	2001	12	483	2412	97083	1392	56028	12	10	5	1	5	1	220
7978544	2002	19	204	3819	41004	2204	23664	17	13	9	3	7	3	220
7978544	2003	18	991	3618	199191	2088	114956	17	9	5	3	2	0	220
7978544	2004	99	449	19899	90249	11484	52084	78	27	23	6	7	3	220
7978544	2005	163	931	32763	187131	18908	107996	126	48	40	9	21	3	220
7978544	2006	77	420	15477	84420	8932	48720	57	26	15	4	7	2	220
7978544	2007	69	1010	13869	203010	8004	117160	58	36	23	15	13	8	220
7978544	2008	51	1251	10251	251451	5916	145116	45	34	13	11	12	9	220
7978544	2009	43	1050	8643	211050	4988	121800	37	28	16	8	14	6	220
7978544	2010	33	545	6633	109545	3828	63220	26	20	14	8	11	6	220
7978544	2011	444	1270	89244	255270	51504	147320	69	60	18	7	18	7	220
7978544	2012	92	887	18492	178287	10672	102892	55	49	21	12	20	11	220
7978544	2013	69	732	13869	147132	8004	84912	40	32	11	4	11	4	220
7978544	2014	201	1656	40401	332856	23316	192096	59	56	22	11	21	10	220
7978544	2015	177	3256	35577	654456	20532	377696	78	72	21	18	21	17	220
7978544	2016	86	1909	17286	383709	9976	221444	45	39	16	11	13	8	220
7978544	2017	52	1902	10452	382302	6032	220632	41	38	17	10	16	9	220
7978544	2018	84	2152	16884	432552	9744	249632	47	42	12	19	12	17	220
7978544	2019	53	804	10653	161604	6148	93264	39	32	15	13	15	9	220
7978544	2020	0	0	0	0	0	0	0	0	0	0	0	0	220
